time (UTC),"UTCI (52.5˚N, 13.25˚E)","UTCI (52.75˚N, 13.0˚E)","UTCI (52.5˚N, 13.0˚E)","UTCI (52.25˚N, 13.0˚E)","UTCI (52.75˚N, 13.25˚E)","UTCI (52.25˚N, 13.25˚E)","UTCI (52.75˚N, 13.5˚E)","UTCI (52.5˚N, 13.5˚E)","UTCI (52.25˚N, 13.5˚E)"
2009-08-10T00:00:00.0,11.989655,12.125183,12.794952,12.977417,11.389893,12.667297,10.584442,11.398682,12.437958
2009-08-10T01:00:00.0,11.712585,11.818817,12.589722,12.968994,11.142029,12.498505,10.365723,11.153839,12.218048
2009-08-10T02:00:00.0,11.55957,11.759857,12.374756,12.723938,11.064117,12.367371,10.281036,11.033295,12.110016
2009-08-10T03:00:00.0,12.050934,12.141388,12.859802,13.17453,11.405487,12.821472,10.611877,11.386353,12.417847
2009-08-10T04:00:00.0,12.222137,12.251465,13.0364685,13.360199,11.601776,13.00531,10.864655,11.571289,12.545227
2009-08-10T05:00:00.0,13.719635,13.666534,14.632172,15.394989,12.992737,14.776093,12.211273,13.090698,14.170654
2009-08-10T06:00:00.0,17.286407,16.892883,17.73465,18.436523,16.527527,18.155457,16.105957,16.970245,17.83603
2009-08-10T07:00:00.0,23.05429,22.616516,23.446716,24.050873,22.200867,24.03888,21.634247,22.651184,23.903625
2009-08-10T08:00:00.0,25.479126,25.577179,25.553955,26.16394,25.350372,26.154816,25.027008,25.38736,26.180939
2009-08-10T09:00:00.0,28.02237,27.613434,28.253906,28.829987,27.414673,28.585938,27.095001,27.658997,28.30188
2009-08-10T10:00:00.0,29.156158,28.729279,29.334412,29.898193,28.442383,29.923065,28.182678,28.899963,29.787415
2009-08-10T11:00:00.0,30.502014,30.432983,30.89624,31.054321,29.864166,30.927124,29.159515,29.989136,30.655396
2009-08-10T12:00:00.0,30.245758,31.205383,31.258179,31.201355,30.321594,30.66507,29.199768,29.274017,30.031006
2009-08-10T13:00:00.0,31.04898,31.523682,32.00714,31.624847,30.613922,31.201965,29.52008,30.059387,30.687195
2009-08-10T14:00:00.0,31.341095,32.304535,32.268982,31.449493,31.446869,31.090668,30.32605,30.445435,30.544495
2009-08-10T15:00:00.0,30.866516,31.875458,31.458038,30.51056,31.095093,30.34726,29.94629,30.012085,29.943878
2009-08-10T16:00:00.0,28.035583,30.46399,28.856842,27.79776,29.98761,27.201935,29.258911,27.827118,27.088013
2009-08-10T17:00:00.0,22.758667,26.04364,22.66861,23.964813,25.933533,24.323181,26.297638,23.899017,24.938782
2009-08-10T18:00:00.0,21.092194,21.944641,19.992615,20.967163,22.048676,21.254456,22.532166,21.993591,22.16101
2009-08-10T19:00:00.0,18.42044,18.40033,18.254852,17.722015,18.017853,18.67215,17.794159,18.491943,19.20279
2009-08-10T20:00:00.0,17.55664,18.2034,17.22583,16.801178,17.788696,17.503021,17.848602,17.881805,18.167175
2009-08-10T21:00:00.0,16.743286,17.990326,16.771149,16.030884,17.468536,16.588562,17.105438,16.920074,17.286133
2009-08-10T22:00:00.0,16.21457,17.338226,16.788452,15.666016,16.94629,16.085571,15.985748,16.247467,16.657166
2009-08-10T23:00:00.0,16.252136,15.812714,16.110626,15.757294,16.289032,16.148438,16.30014,16.327759,16.49701
2009-08-11T00:00:00.0,15.282715,13.115723,13.712952,14.219238,14.141815,15.622742,15.7795105,15.999176,16.326172
2009-08-11T01:00:00.0,12.992371,12.89566,12.591705,12.198608,12.600128,13.573334,12.756897,13.923981,14.91568
2009-08-11T02:00:00.0,13.092529,14.326996,13.778351,12.496735,13.375916,12.643677,12.376617,13.016663,13.545593
2009-08-11T03:00:00.0,14.3871765,14.796356,14.762238,13.257904,14.257141,13.492432,13.485535,14.026123,13.935669
2009-08-11T04:00:00.0,13.854095,13.569855,13.574982,12.577576,13.660095,13.135254,13.75528,13.91864,13.527618
2009-08-11T05:00:00.0,14.624573,14.33963,14.395477,13.855469,14.450165,14.2901,14.800537,15.0147705,14.770325
2009-08-11T06:00:00.0,17.14331,16.907623,17.301575,17.755432,16.86908,17.808746,16.631195,17.075867,17.79187
2009-08-11T07:00:00.0,21.325562,21.826477,21.416992,21.409363,21.357697,21.386261,20.546661,20.969696,21.152374
2009-08-11T08:00:00.0,22.232605,22.323578,22.073639,22.027344,21.866821,22.377258,21.014069,21.92511,22.147247
2009-08-11T09:00:00.0,20.998383,20.637115,21.04715,21.512268,20.637207,21.678284,20.782867,20.952393,21.575104
2009-08-11T10:00:00.0,20.67514,19.82428,20.434326,21.16867,20.050262,21.703308,20.436157,20.84787,21.979584
2009-08-11T11:00:00.0,21.423279,20.934357,21.11438,21.432648,21.272675,21.5961,21.791779,21.788086,21.851196
2009-08-11T12:00:00.0,21.239288,20.50003,21.032593,21.490479,20.886566,21.949799,21.258331,21.283813,22.18747
2009-08-11T13:00:00.0,20.422455,19.312744,20.932037,22.285126,19.083344,21.89627,19.404694,20.075989,21.317535
2009-08-11T14:00:00.0,20.40799,20.239746,21.093475,22.053162,19.417145,22.00824,18.845795,19.903381,21.725037
2009-08-11T15:00:00.0,23.649628,23.998535,24.134216,24.299683,23.121368,24.480133,21.702118,22.787964,24.23523
2009-08-11T16:00:00.0,23.891724,23.220703,24.066528,23.460693,22.74527,23.773468,21.723358,23.194183,23.73877
2009-08-11T17:00:00.0,21.50238,19.677124,21.196564,21.39804,19.445496,21.657257,19.515259,21.44635,21.773346
2009-08-11T18:00:00.0,19.603088,19.59961,19.613861,19.41388,19.153046,19.890808,18.636597,19.508759,20.092224
2009-08-11T19:00:00.0,16.963806,16.13324,17.295746,17.156921,15.834686,17.200531,15.436951,16.253479,16.868011
2009-08-11T20:00:00.0,15.243286,14.448822,15.400482,15.274445,14.301941,15.599365,14.185486,15.045502,15.817444
2009-08-11T21:00:00.0,14.502014,14.052368,14.720123,14.4071045,13.748535,14.654999,13.445374,14.202759,14.810516
2009-08-11T22:00:00.0,14.278839,13.944946,14.565582,14.150055,13.666107,14.194916,13.367035,13.871185,14.194336
2009-08-11T23:00:00.0,13.875885,13.033966,13.946075,13.735687,13.109192,13.856628,13.14447,13.669586,13.913452
2009-08-12T00:00:00.0,12.685791,11.361603,12.574158,12.438568,11.675507,12.809814,11.958588,12.72702,13.141998
2009-08-12T01:00:00.0,10.976898,9.112946,10.937164,11.5065,9.226807,11.744202,9.428192,11.011658,11.964752
2009-08-12T02:00:00.0,9.477753,8.272491,9.397949,10.069916,8.07077,10.555206,7.8939514,9.587219,10.979309
2009-08-12T03:00:00.0,8.928772,8.438721,9.113281,9.682953,7.976898,9.976532,7.659485,8.771912,10.179993
2009-08-12T04:00:00.0,9.114868,8.829987,9.232086,9.513733,8.593414,9.860992,8.370087,8.954742,10.0260315
2009-08-12T05:00:00.0,11.62912,11.114105,11.863434,11.802551,10.343903,11.758636,9.657593,11.137909,11.545746
2009-08-12T06:00:00.0,11.796936,13.035828,12.372437,11.756378,12.662628,12.264984,12.24057,11.221741,12.60968
2009-08-12T07:00:00.0,13.315399,13.145386,13.539368,13.582367,12.734009,14.103302,12.079163,12.870117,14.454285
2009-08-12T08:00:00.0,14.880585,14.377747,14.549835,14.087158,14.160675,15.178558,13.814301,14.88382,16.139069
2009-08-12T09:00:00.0,16.132446,15.851929,16.378693,16.400604,15.571533,16.450958,15.518341,15.965424,16.734344
2009-08-12T10:00:00.0,18.551025,18.039978,18.870422,17.910522,17.888306,17.844116,17.605011,18.030151,17.660706
2009-08-12T11:00:00.0,18.815582,18.946808,19.138123,18.742767,18.618835,18.6109,18.326538,18.40503,18.611328
2009-08-12T12:00:00.0,19.64444,18.847748,20.48761,20.532959,18.096527,19.868805,17.69226,18.566437,18.944092
2009-08-12T13:00:00.0,21.81604,21.51648,21.751678,21.336365,21.434387,21.266296,21.028992,21.2435,20.814636
2009-08-12T14:00:00.0,18.611053,18.769775,18.46399,18.541016,19.009796,19.44635,19.745575,19.372223,20.064056
2009-08-12T15:00:00.0,18.66977,18.71109,18.494385,17.538818,18.437958,17.47461,18.195435,18.147552,17.267365
2009-08-12T16:00:00.0,18.423584,18.594421,18.342194,17.274231,17.952637,17.863708,17.188446,17.859924,17.990753
2009-08-12T17:00:00.0,17.92163,19.29779,18.271942,16.787079,18.39917,17.193542,17.10608,17.403381,17.333557
2009-08-12T18:00:00.0,16.551514,16.59439,16.44574,16.051514,16.677338,15.939941,16.537231,16.473022,15.836945
2009-08-12T19:00:00.0,13.787933,15.25235,13.577942,13.058563,15.272797,13.057556,15.118042,14.114838,13.459778
2009-08-12T20:00:00.0,12.029724,12.968018,12.523346,13.985809,12.994934,13.454102,13.176666,11.91922,13.117249
2009-08-12T21:00:00.0,11.903778,12.073975,12.553101,13.768311,11.696838,13.638641,11.325836,11.365021,13.194122
2009-08-12T22:00:00.0,11.700073,11.8172,12.094238,12.936584,11.286835,13.005371,10.714355,11.302399,12.878876
2009-08-12T23:00:00.0,11.899872,12.337891,12.102814,12.5047,11.863586,12.826447,11.19519,11.498657,12.721954
2009-08-13T00:00:00.0,11.577362,11.39267,11.730377,11.616394,11.28714,11.913635,11.140564,11.293945,11.944824
2009-08-13T01:00:00.0,10.6475525,9.839294,10.654968,10.428131,9.864655,10.8533325,9.976685,10.5868225,11.093689
2009-08-13T02:00:00.0,10.103973,8.983246,9.97229,9.529633,9.1910095,9.986145,9.478485,10.239929,10.358215
2009-08-13T03:00:00.0,9.137695,7.8101196,9.111389,8.963043,7.812042,9.238525,7.869995,9.150757,9.425537
2009-08-13T04:00:00.0,8.092072,6.9215393,8.304199,8.578857,6.6648254,8.644836,6.4859314,7.9973755,8.700226
2009-08-13T05:00:00.0,11.022278,9.943268,11.078186,10.612061,9.690308,10.944916,9.584747,10.981995,11.267975
2009-08-13T06:00:00.0,12.7117,12.1640625,13.039398,12.829773,12.063416,13.027405,12.084747,12.489471,13.225067
2009-08-13T07:00:00.0,12.768402,11.457642,12.522949,13.358459,11.474182,14.309906,11.904297,13.084778,15.081665
2009-08-13T08:00:00.0,16.11789,16.216522,15.631195,15.369263,16.22638,16.170868,16.247345,16.513855,17.045044
2009-08-13T09:00:00.0,16.44345,16.830902,16.112823,15.846466,16.796844,16.39389,17.039917,16.971039,17.179016
2009-08-13T10:00:00.0,18.307495,18.206146,18.445831,18.216919,17.952728,18.377838,17.778503,17.98639,18.419952
2009-08-13T11:00:00.0,20.459991,20.246277,20.326447,20.336212,19.989471,20.46701,19.718628,20.267487,20.454987
2009-08-13T12:00:00.0,19.660187,19.992737,19.976868,20.192535,19.621368,19.74884,19.278137,19.290161,19.448395
2009-08-13T13:00:00.0,20.257019,19.717926,20.302643,20.814331,19.496185,20.828064,19.460083,20.098541,20.676758
2009-08-13T14:00:00.0,19.039886,18.236237,18.909515,19.203918,18.313995,19.540924,18.566223,19.071259,19.712006
2009-08-13T15:00:00.0,19.327484,18.506683,19.374481,19.77652,18.635193,19.981842,18.851837,19.04712,19.78009
2009-08-13T16:00:00.0,18.041962,17.540527,17.971619,18.424866,17.292664,18.910156,17.062317,18.07135,19.171417
2009-08-13T17:00:00.0,18.03241,17.990051,17.804169,18.08551,17.891449,18.770142,17.84253,18.247864,19.30127
2009-08-13T18:00:00.0,16.877869,16.349365,17.255981,17.545166,15.911652,17.641663,15.448151,16.484772,17.624268
2009-08-13T19:00:00.0,14.4878845,14.358826,14.721436,14.574768,13.967285,14.810638,13.4236145,14.080627,14.973145
2009-08-13T20:00:00.0,13.6171875,12.476807,13.844574,14.00647,12.461731,14.161804,12.443237,13.268188,14.256561
2009-08-13T21:00:00.0,12.718536,11.399933,12.746521,12.928131,11.446045,13.255096,11.411926,12.520905,13.507019
2009-08-13T22:00:00.0,11.646271,10.424316,11.691101,11.7812805,10.504639,12.070618,10.604004,11.593658,12.387848
2009-08-13T23:00:00.0,11.076447,9.568146,11.120819,11.381714,9.711884,11.580048,9.920105,10.964661,11.688019
2009-08-14T00:00:00.0,9.852905,8.623077,9.98465,10.359985,8.568695,10.589233,8.587921,9.829041,10.827728
2009-08-14T01:00:00.0,9.015503,7.5029907,9.147034,9.382263,7.496063,9.765259,7.5910034,8.951965,10.111359
2009-08-14T02:00:00.0,7.875885,6.476715,8.106018,8.224121,6.366211,8.502167,6.4371033,7.733551,8.803955
2009-08-14T03:00:00.0,7.2654114,6.1121826,7.617798,7.863373,5.8447876,8.029907,5.6934814,6.9708557,8.184113
2009-08-14T04:00:00.0,6.738861,5.595001,7.089386,7.573822,5.340912,7.73407,5.1622314,6.4450684,7.837372
2009-08-14T05:00:00.0,8.945251,8.650299,9.564331,9.369232,8.283173,9.42807,7.965332,8.67392,9.612854
2009-08-14T06:00:00.0,12.354492,12.863556,12.9444275,13.019104,12.370514,12.928009,11.903564,11.973999,12.833984
2009-08-14T07:00:00.0,16.268951,14.84436,16.64447,17.997192,14.4956665,17.761627,14.004669,15.704407,17.309326
2009-08-14T08:00:00.0,17.687256,16.95633,17.933167,19.145844,16.63562,19.024994,16.301483,17.431274,18.929993
2009-08-14T09:00:00.0,18.760254,18.775452,19.171295,19.70401,18.267578,19.681122,17.70929,18.207,19.42984
2009-08-14T10:00:00.0,18.63147,18.500244,18.818542,19.498138,18.282959,19.186218,18.157715,18.334595,18.912506
2009-08-14T11:00:00.0,18.318787,18.609314,18.601349,19.396027,18.36502,19.082031,18.078583,17.92218,18.724731
2009-08-14T12:00:00.0,19.424622,18.48114,19.23581,20.39566,18.38559,20.541077,18.349457,19.415833,20.558716
2009-08-14T13:00:00.0,18.092773,16.970703,18.437073,19.848572,16.617737,19.53659,16.52002,17.690308,19.08606
2009-08-14T14:00:00.0,17.787384,17.694244,18.269287,18.587585,16.869629,18.511353,16.268524,17.231934,18.253784
2009-08-14T15:00:00.0,19.353882,19.457947,20.282288,20.235962,18.799072,19.723145,18.10498,18.260223,18.933105
2009-08-14T16:00:00.0,19.244629,19.160858,20.146698,20.029999,18.411896,19.558746,17.486145,18.07309,18.6969
2009-08-14T17:00:00.0,19.836365,19.48993,20.212708,20.458435,19.223785,20.269775,18.986694,19.350739,19.749481
2009-08-14T18:00:00.0,18.428925,18.880402,18.746338,18.450012,18.441345,18.433441,17.78952,18.135529,18.617706
2009-08-14T19:00:00.0,15.422394,13.380707,16.22406,16.526794,12.219482,16.53888,10.843567,13.886688,16.201416
2009-08-14T20:00:00.0,12.947449,12.160065,13.885498,13.548309,11.074524,13.593262,9.585449,11.718658,13.772949
2009-08-14T21:00:00.0,9.184509,11.167236,9.966919,9.709045,9.933594,9.5954895,7.9014893,8.683838,10.260162
2009-08-14T22:00:00.0,8.354309,11.105682,8.75708,8.471954,10.488647,8.839264,8.811615,8.803772,10.037384
2009-08-14T23:00:00.0,8.33194,10.841614,9.898712,9.507965,9.741058,9.36145,7.61499,7.7720947,9.79245
2009-08-15T00:00:00.0,11.287903,11.684692,11.950867,11.560333,11.028839,11.43454,10.156403,10.863953,11.37738
2009-08-15T01:00:00.0,11.543304,11.456848,11.735138,11.179138,11.247131,11.245087,11.012451,11.390381,11.336304
2009-08-15T02:00:00.0,10.967285,10.767975,11.299561,11.074768,10.486969,11.030487,10.311737,10.819733,11.114258
2009-08-15T03:00:00.0,11.678528,10.947266,11.925659,11.414886,10.563995,11.611725,10.065979,11.342957,11.80191
2009-08-15T04:00:00.0,11.236023,10.59079,11.374725,10.592224,10.403015,10.742401,10.285217,11.07428,10.988861
2009-08-15T05:00:00.0,12.948395,11.946777,13.040405,12.468231,11.817627,12.724457,11.72403,12.8237915,12.969116
2009-08-15T06:00:00.0,15.845795,15.012238,15.945435,15.797058,14.784912,15.917847,14.540222,15.739746,16.289642
2009-08-15T07:00:00.0,20.208618,19.164856,20.4133,20.672516,18.925781,20.639282,18.771423,20.022034,20.719208
2009-08-15T08:00:00.0,23.9552,23.47995,24.115265,24.087585,23.289368,24.06311,23.09314,23.717987,24.05069
2009-08-15T09:00:00.0,25.924927,25.557068,25.987213,25.97821,25.368042,26.051392,25.13742,25.674896,26.019073
2009-08-15T10:00:00.0,26.535065,25.999664,26.542633,26.515076,25.793274,26.640839,25.570343,26.247375,26.593292
2009-08-15T11:00:00.0,26.749176,26.54181,26.910034,26.7016,26.22461,26.710052,25.845306,26.346954,26.629578
2009-08-15T12:00:00.0,27.250183,26.993988,27.410065,27.207092,26.730713,27.21231,26.406494,26.883423,27.15335
2009-08-15T13:00:00.0,27.937347,27.740631,28.138672,27.842957,27.407593,27.821259,27.010925,27.52295,27.762115
2009-08-15T14:00:00.0,28.352173,28.394958,28.635681,28.31897,27.988403,28.252869,27.50238,27.90567,28.17096
2009-08-15T15:00:00.0,28.36148,28.171783,28.62851,28.416199,27.858643,28.402252,27.49179,27.940918,28.292023
2009-08-15T16:00:00.0,27.960297,27.868622,28.318207,27.899048,27.513733,27.975433,27.161285,27.523987,27.865692
2009-08-15T17:00:00.0,27.591064,27.460022,27.93332,27.349426,27.215271,27.398682,26.977966,27.206116,27.35794
2009-08-15T18:00:00.0,23.372437,23.852478,23.605255,23.425476,23.37442,23.285461,22.846832,23.07547,23.440582
2009-08-15T19:00:00.0,17.296082,17.967102,17.620758,17.585999,17.39087,17.47998,16.729797,17.059998,17.707458
2009-08-15T20:00:00.0,15.554962,15.864807,15.885193,15.803528,15.369415,15.802856,14.863495,15.355225,16.025116
2009-08-15T21:00:00.0,14.785675,14.888184,15.098938,14.94516,14.441437,14.921448,14.027283,14.569366,15.102753
2009-08-15T22:00:00.0,14.210175,14.182373,14.478577,14.287903,13.787445,14.278992,13.398376,14.009888,14.437561
2009-08-15T23:00:00.0,13.744965,13.5538025,13.999176,13.754242,13.235016,13.785065,12.935822,13.551758,13.9479065
2009-08-16T00:00:00.0,13.355713,13.007935,13.598267,13.303345,12.738312,13.35379,12.495422,13.165375,13.5224
2009-08-16T01:00:00.0,13.049774,12.759247,13.32193,12.873016,12.475433,12.967102,12.207092,12.824707,13.112701
2009-08-16T02:00:00.0,12.887329,12.640991,13.180511,12.50769,12.424103,12.575836,12.24115,12.627777,12.706238
2009-08-16T03:00:00.0,12.610901,12.353058,12.888245,12.118134,12.18927,12.211151,12.05896,12.393341,12.334137
2009-08-16T04:00:00.0,12.316284,12.046356,12.54422,11.820251,11.88623,11.903137,11.751312,12.146973,12.036011
2009-08-16T05:00:00.0,16.027863,15.700958,16.128845,15.364685,15.608429,15.461334,15.520081,15.936462,15.6345215
2009-08-16T06:00:00.0,20.430084,20.19223,20.460052,19.75058,20.188904,19.884613,20.10083,20.369232,20.092316
2009-08-16T07:00:00.0,24.311584,23.93982,24.360748,24.138672,23.785004,24.15921,23.705688,24.210052,24.216095
2009-08-16T08:00:00.0,27.123718,26.677643,27.245758,26.865417,26.505829,26.892242,26.30722,26.876068,26.868317
2009-08-16T09:00:00.0,29.069427,28.14978,29.120209,28.845856,28.161499,28.876556,28.117584,28.835083,28.846283
2009-08-16T10:00:00.0,30.048431,29.020538,30.024475,29.921356,29.0708,29.923157,29.047821,29.79779,29.843536
2009-08-16T11:00:00.0,30.644104,29.609436,30.563873,30.583801,29.700378,30.556946,29.67334,30.397552,30.45813
2009-08-16T12:00:00.0,31.063843,29.88028,30.866455,30.995178,30.032623,31.037537,30.065704,30.896759,31.016418
2009-08-16T13:00:00.0,30.885773,29.82367,30.543243,30.62799,30.018677,30.830017,30.140533,30.904816,31.02945
2009-08-16T14:00:00.0,30.42389,29.350708,30.139313,30.29718,29.51532,30.497162,29.699005,30.466461,30.73825
2009-08-16T15:00:00.0,29.759338,28.89328,29.496338,29.759155,29.03421,29.940094,29.206024,29.790375,30.13739
2009-08-16T16:00:00.0,29.273956,28.39853,29.203003,29.74823,28.325226,29.75943,28.268555,29.08255,29.646942
2009-08-16T17:00:00.0,28.071075,27.590698,28.054443,28.577332,27.341705,28.750763,27.177917,27.989502,28.775482
2009-08-16T18:00:00.0,25.233063,25.32727,25.131561,25.19873,25.072845,25.258514,24.755096,25.27243,25.591736
2009-08-16T19:00:00.0,19.86139,20.75351,20.265594,20.081543,20.358032,19.843384,19.69748,19.688324,20.375671
2009-08-16T20:00:00.0,18.07492,19.194855,18.553406,18.627075,18.658844,18.458008,17.673279,18.072632,19.03534
2009-08-16T21:00:00.0,16.75882,18.024414,17.49582,18.316376,17.099335,18.178802,15.524841,16.696564,18.600555
2009-08-16T22:00:00.0,17.345703,17.379974,17.83844,18.025848,16.872284,17.935303,15.977509,16.925201,18.101562
2009-08-16T23:00:00.0,16.521027,16.424164,16.858063,16.936035,16.095154,16.961212,15.693939,16.344208,17.172363
2009-08-17T00:00:00.0,16.906372,17.094849,17.462402,16.343903,16.915436,16.141876,16.446533,16.596313,16.33136
2009-08-17T01:00:00.0,17.684326,17.291992,17.962952,17.052979,16.65152,16.461487,15.36377,17.163757,15.861938
2009-08-17T02:00:00.0,16.738129,16.125061,16.899109,16.332336,15.642456,16.556763,14.778534,16.619354,16.500793
2009-08-17T03:00:00.0,16.744995,16.275146,16.8432,15.48642,16.13269,15.7230835,16.003784,16.698944,16.101593
2009-08-17T04:00:00.0,16.875702,16.519775,16.947784,14.887695,16.460175,15.036285,16.452911,16.674438,15.348206
2009-08-17T05:00:00.0,18.377716,17.910095,18.653534,17.351227,17.656616,17.049377,17.45282,18.01117,16.89212
2009-08-17T06:00:00.0,20.46051,20.324036,20.151764,19.296692,20.261719,19.669525,20.271942,20.68393,20.319824
2009-08-17T07:00:00.0,24.827148,23.539093,24.406036,24.743896,23.970764,25.201752,24.380005,25.053558,25.443146
2009-08-17T08:00:00.0,25.91687,24.401703,25.312439,25.687439,24.823639,26.377808,25.394684,26.5083,27.014862
2009-08-17T09:00:00.0,26.608673,25.65857,26.362335,27.325775,25.5596,27.897278,25.438293,26.597748,28.098694
2009-08-17T10:00:00.0,26.99472,26.527802,26.872955,26.98291,26.477203,27.034973,26.39151,26.777802,26.853271
2009-08-17T11:00:00.0,27.77304,27.274567,27.690186,27.533905,27.294647,27.606018,27.22647,27.456512,27.460388
2009-08-17T12:00:00.0,28.039948,27.305298,28.225769,28.3078,27.214264,28.038239,27.139008,27.432526,27.498962
2009-08-17T13:00:00.0,29.117706,28.077301,28.962463,28.54477,28.16687,28.669647,28.162872,28.856873,28.615143
2009-08-17T14:00:00.0,28.679382,27.461365,28.519714,28.232544,27.573975,28.33603,27.66217,28.461334,28.360413
2009-08-17T15:00:00.0,28.343414,26.896545,28.509308,28.83664,26.759918,28.531982,26.635986,27.780518,27.973877
2009-08-17T16:00:00.0,28.074493,26.865509,27.899628,28.147614,26.668121,28.34082,26.529846,27.852173,28.20636
2009-08-17T17:00:00.0,28.000793,26.464142,27.784698,27.91101,26.332062,28.512634,26.207672,27.851868,28.689331
2009-08-17T18:00:00.0,23.269165,23.550934,22.923859,23.242981,23.138336,23.16397,22.368988,23.411102,23.793854
2009-08-17T19:00:00.0,18.149902,18.738373,18.694702,18.903687,18.4122,18.360504,17.460968,17.596924,19.35495
2009-08-17T20:00:00.0,17.735657,15.630798,16.922028,17.299469,16.303802,18.196716,16.99823,18.265259,19.24591
2009-08-17T21:00:00.0,14.839478,13.080475,14.225006,14.876709,13.15506,15.898773,13.336609,15.497437,17.031097
2009-08-17T22:00:00.0,12.835236,13.110352,12.859283,13.050446,12.699951,13.428253,12.209503,12.732239,13.814026
2009-08-17T23:00:00.0,13.069916,12.324219,12.721069,12.426056,12.678467,12.8888855,13.047211,13.113251,12.988678
2009-08-18T00:00:00.0,11.49292,9.897095,11.167358,11.56311,10.151276,12.2100525,10.481659,11.891357,12.736237
2009-08-18T01:00:00.0,9.721527,8.340179,9.6388855,10.15271,8.316162,10.637024,8.371277,9.932068,11.089844
2009-08-18T02:00:00.0,8.674591,7.457367,8.643433,9.161591,7.3428955,9.673706,7.2474365,8.788239,10.103455
2009-08-18T03:00:00.0,8.057617,6.731842,8.071045,8.618011,6.596283,9.113983,6.483307,8.041443,9.427246
2009-08-18T04:00:00.0,7.8657837,6.5849,8.003021,8.554993,6.351532,8.873138,6.104889,7.6294556,8.96286
2009-08-18T05:00:00.0,11.676361,10.611481,11.86618,12.054962,10.597046,12.600983,10.446716,11.47171,12.798126
2009-08-18T06:00:00.0,13.448181,13.381561,13.929138,13.974243,12.844666,14.027405,12.212311,12.858246,13.925842
2009-08-18T07:00:00.0,15.9383545,14.967438,16.18039,17.507477,14.6171875,17.310852,14.224976,15.56839,17.029572
2009-08-18T08:00:00.0,18.313507,16.45047,18.447357,20.02774,16.410248,19.690033,16.35318,17.9245,19.233368
2009-08-18T09:00:00.0,18.744476,17.33966,18.564789,19.67212,17.394073,19.800049,17.540436,18.910828,20.017792
2009-08-18T10:00:00.0,20.578796,18.930267,20.614532,21.524475,18.655487,21.509155,18.512543,20.355072,21.46872
2009-08-18T11:00:00.0,20.640472,19.876038,20.446869,20.865082,19.866455,20.959412,19.79309,20.634521,21.135986
2009-08-18T12:00:00.0,21.737122,20.11673,21.821991,22.764801,19.798065,22.563538,19.59433,21.307922,22.216217
2009-08-18T13:00:00.0,20.1633,19.147766,20.233856,21.115631,19.01596,20.93222,19.15393,20.166504,20.993225
2009-08-18T14:00:00.0,21.528046,20.94165,21.86792,22.310364,20.407745,22.009644,19.71698,20.911041,21.647034
2009-08-18T15:00:00.0,19.805542,19.194641,20.266937,21.083527,18.650085,20.866089,18.072632,19.196228,20.495148
2009-08-18T16:00:00.0,20.29486,19.800781,20.65689,21.40921,19.352753,21.266022,19.033386,19.7583,20.891815
2009-08-18T17:00:00.0,21.108032,20.833313,21.839539,22.586212,20.096283,22.504242,19.330597,20.352203,22.161713
2009-08-18T18:00:00.0,20.323486,20.134216,20.280762,19.70578,19.763031,19.86734,19.35498,20.137909,20.355927
2009-08-18T19:00:00.0,13.298798,15.632294,13.682556,14.115692,14.803558,14.003662,13.328918,13.2968445,14.567749
2009-08-18T20:00:00.0,12.395386,13.263092,12.839111,12.986633,12.222046,13.064362,10.752716,12.002136,13.223694
2009-08-18T21:00:00.0,12.588959,12.151489,13.303864,12.673187,11.362061,13.22229,10.305634,11.996185,13.453583
2009-08-18T22:00:00.0,13.582397,11.092651,14.143616,12.286987,10.599426,13.832581,10.040588,12.829254,14.39566
2009-08-18T23:00:00.0,13.664734,12.064178,14.148407,12.150574,11.345062,13.8573,10.5289,13.044006,14.677155
2009-08-19T00:00:00.0,14.0217285,13.966217,14.339203,11.733307,13.444458,13.45813,12.76059,13.5946045,14.40863
2009-08-19T01:00:00.0,13.979095,13.76767,13.821228,10.740112,13.240814,12.873688,12.601898,13.847687,14.218964
2009-08-19T02:00:00.0,13.691742,13.46991,13.475067,9.93927,12.950989,12.1409,12.321228,13.710175,13.614258
2009-08-19T03:00:00.0,13.319611,13.185486,13.169067,9.37793,12.718262,11.518372,12.10553,13.400513,13.013763
2009-08-19T04:00:00.0,12.648132,12.28009,12.839081,9.0451355,12.285461,10.6441345,11.93042,12.730957,11.983154
2009-08-19T05:00:00.0,16.287598,16.17456,15.737061,14.966736,16.358551,15.023987,16.454132,16.74643,16.00058
2009-08-19T06:00:00.0,20.986725,20.495117,21.181671,20.671295,20.632599,20.76184,20.70581,20.807281,20.79007
2009-08-19T07:00:00.0,24.295288,23.972351,24.26474,24.652496,24.066254,24.609802,24.095428,24.257141,24.529602
2009-08-19T08:00:00.0,26.651031,26.397186,26.253601,26.323334,26.659302,26.444214,26.861877,26.885406,26.620483
2009-08-19T09:00:00.0,28.311554,28.121887,27.989563,27.916382,28.33966,27.917969,28.492493,28.436584,27.979706
2009-08-19T10:00:00.0,29.575287,29.25467,29.245667,29.059784,29.493103,29.085938,29.662872,29.686462,29.154999
2009-08-19T11:00:00.0,30.335724,29.878693,30.02539,29.851227,30.10431,29.93573,30.26361,30.405426,30.004486
2009-08-19T12:00:00.0,30.746399,30.257324,30.477173,30.361694,30.434906,30.424927,30.55722,30.765656,30.448853
2009-08-19T13:00:00.0,31.084473,30.681152,30.934753,30.648285,30.811493,30.671967,30.892761,31.0177,30.658783
2009-08-19T14:00:00.0,31.261139,30.925507,31.164581,30.799286,30.996765,30.790619,31.001312,31.17572,30.773895
2009-08-19T15:00:00.0,30.872528,30.481049,30.815735,30.472412,30.50827,30.45465,30.473541,30.787872,30.480682
2009-08-19T16:00:00.0,29.584259,29.249023,29.521118,29.344604,29.167786,29.414429,29.086548,29.502533,29.442719
2009-08-19T17:00:00.0,27.495361,27.470276,27.64328,27.556732,27.244781,27.594269,26.953033,27.416107,27.662598
2009-08-19T18:00:00.0,23.258698,23.023987,23.281067,22.988007,22.686462,22.866058,22.224274,23.014587,23.053864
2009-08-19T19:00:00.0,17.01593,16.546295,17.194183,16.904633,16.09262,16.963531,15.537598,16.726807,17.204529
2009-08-19T20:00:00.0,15.414856,14.768738,15.647614,15.401306,14.325592,15.563538,13.831482,15.082672,15.828949
2009-08-19T21:00:00.0,14.345795,13.651581,14.651428,14.50293,13.200226,14.638153,12.747437,14.004974,14.843384
2009-08-19T22:00:00.0,13.605011,12.812805,13.873383,13.75116,12.375122,13.834351,11.964325,13.323822,13.970795
2009-08-19T23:00:00.0,13.020325,12.274414,13.264648,13.06897,11.877472,13.132935,11.493439,12.764832,13.258423
2009-08-20T00:00:00.0,12.412445,11.724457,12.631531,12.485687,11.341858,12.558197,10.997406,12.155945,12.645721
2009-08-20T01:00:00.0,11.91626,11.287384,12.234741,12.167603,10.89856,12.167145,10.556427,11.632874,12.187927
2009-08-20T02:00:00.0,11.361694,10.817841,11.753754,11.8550415,10.390564,11.781036,10.017914,11.020416,11.691742
2009-08-20T03:00:00.0,11.037476,10.523102,11.516022,11.64151,10.042603,11.493835,9.628174,10.643921,11.3437805
2009-08-20T04:00:00.0,10.638092,10.203583,11.192291,11.325836,9.700043,11.11676,9.269043,10.218079,10.929901
2009-08-20T05:00:00.0,13.568512,12.995636,13.961884,14.150787,12.664673,14.095306,12.401398,13.350922,14.024414
2009-08-20T06:00:00.0,18.186676,17.63269,18.401337,18.756042,17.372131,18.619965,17.175842,17.984589,18.519836
2009-08-20T07:00:00.0,21.947662,21.512787,22.209534,22.707672,21.242188,22.48175,21.017609,21.693085,22.338165
2009-08-20T08:00:00.0,24.866425,24.376892,25.124695,25.639587,24.134247,25.263763,23.937561,24.541962,25.004852
2009-08-20T09:00:00.0,27.359894,26.835999,27.660828,28.085846,26.586975,27.570953,26.33371,26.913757,27.211365
2009-08-20T10:00:00.0,29.200165,28.699615,29.518738,29.874237,28.41034,29.257263,28.074432,28.633179,28.797485
2009-08-20T11:00:00.0,30.595978,30.087524,30.855133,31.065155,29.830048,30.440308,29.519867,30.00415,29.969696
2009-08-20T12:00:00.0,31.715698,31.210236,31.928986,32.009583,30.9664,31.399475,30.669098,31.119751,30.940247
2009-08-20T13:00:00.0,32.417633,32.02881,32.705994,32.666504,31.751495,32.001648,31.372833,31.808655,31.552551
2009-08-20T14:00:00.0,32.678894,32.36212,32.9769,32.808105,32.054047,32.2005,31.690155,32.063293,31.768341
2009-08-20T15:00:00.0,32.242096,32.060883,32.60019,32.333282,31.683441,31.734772,31.297577,31.638031,31.343292
2009-08-20T16:00:00.0,30.915375,31.060608,31.473053,31.090363,30.527222,30.562592,30.06491,30.357788,30.19159
2009-08-20T17:00:00.0,28.911926,28.932709,29.440674,29.081787,28.561554,28.535095,28.26886,28.437744,28.275726
2009-08-20T18:00:00.0,24.812225,24.605255,25.158508,24.8172,24.367401,24.377045,24.152313,24.457855,24.241486
2009-08-20T19:00:00.0,19.852234,19.651764,20.096008,19.68512,19.433472,19.398804,19.147736,19.553162,19.334656
2009-08-20T20:00:00.0,18.11377,18.090424,18.399567,17.936493,17.804047,17.718658,17.453735,17.808105,17.660706
2009-08-20T21:00:00.0,16.929504,17.077698,17.264893,16.88272,16.669678,16.588013,16.23764,16.589233,16.472504
2009-08-20T22:00:00.0,16.177155,16.469727,16.576538,16.215485,15.948303,15.955383,15.350983,15.842865,15.835663
2009-08-20T23:00:00.0,15.726013,16.02774,16.181976,15.8785095,15.425171,15.420166,14.833588,15.322052,15.26236
2009-08-21T00:00:00.0,15.542603,15.847382,16.148346,15.758423,15.207733,15.337891,14.5346985,15.063202,15.081604
2009-08-21T01:00:00.0,15.16568,15.338654,15.670013,15.4599,14.772491,15.133453,14.156403,14.727386,14.899536
2009-08-21T02:00:00.0,14.6180725,15.061157,15.262756,15.170319,14.258972,14.744812,13.627563,14.136749,14.527252
2009-08-21T03:00:00.0,14.571503,15.407471,15.643005,15.189789,14.385162,14.613342,13.378998,13.842407,14.26651
2009-08-21T04:00:00.0,15.036713,15.642395,15.753723,15.334595,14.797455,14.906464,13.84021,14.165985,14.420837
2009-08-21T05:00:00.0,18.228943,18.657104,19.22522,18.5495,18.296204,18.198517,17.356049,17.590485,17.889526
2009-08-21T06:00:00.0,23.12732,22.522034,22.289764,22.250336,23.015472,22.931335,22.542786,22.9057,22.94638
2009-08-21T07:00:00.0,26.474731,25.190033,24.963013,25.114044,26.237091,26.23999,27.136932,27.161774,26.81009
2009-08-21T08:00:00.0,22.975464,22.188171,21.318298,21.88092,23.657135,23.228119,25.571808,24.757904,24.764496
2009-08-21T09:00:00.0,22.56836,21.747437,22.025085,23.041534,22.201965,23.953064,22.631714,23.211609,24.604645
2009-08-21T10:00:00.0,22.126434,20.692871,21.026855,22.6904,22.027008,23.572327,23.524048,23.16681,24.363861
2009-08-21T11:00:00.0,24.735718,22.141876,23.375824,25.21811,22.959839,26.493286,24.475067,26.248718,27.680023
2009-08-21T12:00:00.0,24.67633,24.589203,23.96637,25.539825,24.542297,26.354767,24.724335,25.536774,27.289581
2009-08-21T13:00:00.0,25.47409,25.416382,25.437317,26.652863,25.393066,26.726837,25.039032,25.528656,26.90033
2009-08-21T14:00:00.0,25.759644,26.234161,26.144531,25.996857,25.752258,25.926575,25.022675,25.317047,26.016296
2009-08-21T15:00:00.0,24.91397,25.7836,25.62854,25.246826,24.915527,24.573395,23.892334,23.827362,23.91858
2009-08-21T16:00:00.0,24.095703,24.049683,24.099518,24.002045,23.714996,24.054321,23.387024,23.769226,23.84848
2009-08-21T17:00:00.0,22.887299,23.15384,23.208282,23.310822,22.73056,23.220734,22.213531,22.631683,22.988037
2009-08-21T18:00:00.0,21.320099,21.239746,21.382904,21.671875,21.02835,21.710327,20.769318,21.287323,21.653625
2009-08-21T19:00:00.0,16.059174,15.011444,15.414398,15.416077,15.5737915,16.09613,16.345795,16.645172,16.78595
2009-08-21T20:00:00.0,15.205536,14.218597,14.388062,14.528564,14.609955,15.714386,15.173004,15.850433,16.500183
2009-08-21T21:00:00.0,14.057861,13.805847,13.767853,13.812256,13.867493,14.558594,14.016235,14.421753,15.1293335
2009-08-21T22:00:00.0,13.485718,13.408447,13.466583,13.49234,13.476135,13.50415,13.567291,13.407806,13.66449
2009-08-21T23:00:00.0,13.218903,12.846466,13.093384,12.982941,12.960846,13.287476,13.250153,13.132263,13.432983
2009-08-22T00:00:00.0,13.015259,12.851837,13.186584,12.8394165,12.916565,12.863861,12.934509,12.850159,12.9027405
2009-08-22T01:00:00.0,13.021088,12.412384,13.029938,12.760956,12.655731,12.889496,13.132141,12.953033,12.989105
2009-08-22T02:00:00.0,13.055481,12.3315735,12.961243,12.3479,12.643921,12.660736,12.939362,13.072144,13.000671
2009-08-22T03:00:00.0,12.155762,10.939178,12.067749,11.59552,11.263641,11.944733,11.725128,12.236664,12.316254
2009-08-22T04:00:00.0,11.874908,10.359589,11.81897,11.455261,10.42395,11.781677,10.65625,11.778351,12.115692
2009-08-22T05:00:00.0,12.082947,11.655212,11.97052,11.281311,11.813202,11.792053,12.157379,12.208984,12.366272
2009-08-22T06:00:00.0,15.162964,16.460236,15.834473,14.813446,15.858948,14.356476,15.230255,14.277283,13.629089
2009-08-22T07:00:00.0,16.282959,17.684326,17.095947,17.497528,17.009338,16.50293,16.487091,15.850403,15.825531
2009-08-22T08:00:00.0,21.631134,21.657898,22.358154,22.081512,21.414307,21.156525,21.426208,21.138214,20.681
2009-08-22T09:00:00.0,22.04013,21.635132,22.430634,22.419586,21.67102,21.56842,22.106659,22.073212,21.384735
2009-08-22T10:00:00.0,23.181396,23.848297,23.108887,22.55249,23.720581,22.52652,23.654053,23.300873,22.685211
2009-08-22T11:00:00.0,24.236359,24.87091,24.35144,23.99939,24.651184,23.850983,24.326324,24.034882,23.777863
2009-08-22T12:00:00.0,24.520386,24.518188,24.608063,24.410797,24.329102,24.305359,24.124023,24.253693,24.145172
2009-08-22T13:00:00.0,25.216187,24.94635,25.01764,25.035858,24.905975,25.240967,24.728333,25.109253,25.280884
2009-08-22T14:00:00.0,24.444824,24.27243,24.45932,24.528656,24.169983,24.679108,23.955017,24.291077,24.783447
2009-08-22T15:00:00.0,23.426819,23.012512,23.588562,23.49292,22.78711,23.460785,22.650787,23.30777,23.562775
2009-08-22T16:00:00.0,22.967834,23.088013,23.336243,23.112152,22.448242,23.118622,21.695862,22.376495,22.843567
2009-08-22T17:00:00.0,21.4104,22.497925,22.01944,21.031586,21.859009,21.155273,21.10559,20.749603,20.876617
2009-08-22T18:00:00.0,18.42871,19.259003,18.397827,19.246216,18.6781,18.907623,17.687164,18.32669,18.643555
2009-08-22T19:00:00.0,12.565491,15.158142,14.124451,12.7560425,14.081421,12.534393,12.906403,12.197693,13.597229
2009-08-22T20:00:00.0,12.60965,13.732025,14.689575,12.430267,12.318268,11.336578,10.979065,11.28418,12.009949
2009-08-22T21:00:00.0,11.819977,11.774811,14.119354,12.306244,10.515778,10.65033,9.31308,10.364319,10.973785
2009-08-22T22:00:00.0,11.374176,9.921295,13.71048,13.028534,9.136322,10.91452,8.180481,9.886688,10.645599
2009-08-22T23:00:00.0,10.37915,9.672943,12.758606,12.7323,9.009399,10.671295,7.807312,9.03302,10.224518
2009-08-23T00:00:00.0,9.038849,9.2274475,10.873047,12.231262,8.714203,10.40329,7.8739014,8.251007,9.801605
2009-08-23T01:00:00.0,8.262787,8.735992,9.33548,11.63385,8.561218,10.340149,8.265106,8.091583,9.72821
2009-08-23T02:00:00.0,8.255798,7.7455444,8.828705,11.068787,7.989807,10.567078,8.453278,8.32132,10.294403
2009-08-23T03:00:00.0,8.238464,7.647888,8.322418,10.238251,7.8695984,10.652893,8.11911,8.48941,10.894287
2009-08-23T04:00:00.0,7.1373596,7.9513855,6.9687195,7.5171204,7.466461,8.6302185,6.0383606,7.2185974,9.583252
2009-08-23T05:00:00.0,13.247925,13.280365,13.064514,12.161926,13.327484,12.257904,13.318634,13.537262,13.132202
2009-08-23T06:00:00.0,19.52478,18.841003,19.481201,18.990295,18.977783,19.649292,18.977814,19.451416,19.938416
2009-08-23T07:00:00.0,23.455688,23.039886,23.6969,24.101135,22.674957,24.169739,22.230255,23.22052,24.07489
2009-08-23T08:00:00.0,25.665558,24.945953,25.570526,25.825378,24.941437,26.108246,24.916077,25.631989,26.110199
2009-08-23T09:00:00.0,26.475616,25.784607,26.072357,25.976166,25.953583,26.329773,26.114899,26.682678,26.479187
2009-08-23T10:00:00.0,25.76532,24.947021,25.283875,25.250946,25.454773,25.66394,25.961761,26.082947,25.952972
2009-08-23T11:00:00.0,27.724243,26.971588,27.420746,27.338104,27.117432,27.682587,27.166534,27.772278,27.818604
2009-08-23T12:00:00.0,28.346008,26.998047,27.733765,27.856262,27.465668,28.406952,27.911682,28.585785,28.629913
2009-08-23T13:00:00.0,28.387177,27.519836,27.97174,27.989075,27.677124,28.365265,27.624115,28.393158,28.505646
2009-08-23T14:00:00.0,27.60849,26.672394,26.9628,26.979248,27.052704,27.506653,27.465057,27.91861,27.846191
2009-08-23T15:00:00.0,27.095795,26.48172,26.559662,26.304749,26.736694,26.871796,26.886536,27.25113,27.210358
2009-08-23T16:00:00.0,26.05539,25.666565,25.857697,25.384247,25.56137,25.852386,25.299194,25.85019,25.950256
2009-08-23T17:00:00.0,23.913208,24.102203,23.953156,23.345428,23.746674,23.77124,23.201508,23.610046,23.911072
2009-08-23T18:00:00.0,18.748077,18.863312,18.898834,18.617523,18.31485,18.658478,17.618713,18.406189,18.950073
2009-08-23T19:00:00.0,12.403473,12.353424,12.673035,12.939026,11.813446,13.138153,11.27829,12.175659,13.308838
2009-08-23T20:00:00.0,11.210297,10.925781,11.504639,11.785278,10.5564575,11.958313,10.179169,10.9149475,11.963867
2009-08-23T21:00:00.0,9.9999695,9.804779,10.275299,10.394745,9.553131,10.475128,9.346405,9.821899,10.582581
2009-08-23T22:00:00.0,8.904358,8.910126,9.180603,9.233765,8.684448,9.277588,8.48761,8.8124695,9.45517
2009-08-23T23:00:00.0,8.254669,8.302246,8.482239,8.586273,8.059387,8.623627,7.8154907,8.172333,8.740509
2009-08-24T00:00:00.0,7.882019,7.79364,8.073334,8.044891,7.5355835,8.107086,7.2809143,7.7934875,8.234924
2009-08-24T01:00:00.0,7.6089478,7.330902,7.758972,7.471527,7.135742,7.6906433,6.974457,7.531372,7.93161
2009-08-24T02:00:00.0,7.4691772,7.1238403,7.553406,7.1805115,6.9183655,7.493164,6.712982,7.406189,7.769806
2009-08-24T03:00:00.0,7.2494507,6.7864685,7.396576,7.005127,6.582611,7.2600403,6.392639,7.16156,7.499237
2009-08-24T04:00:00.0,6.921875,6.4645996,7.097107,6.658966,6.2449646,6.9018555,6.0224,6.7968445,7.1182556
2009-08-24T05:00:00.0,9.39035,8.958405,9.495026,8.995331,8.864655,9.375824,8.742981,9.371613,9.674225
2009-08-24T06:00:00.0,14.108826,13.9253845,14.142212,13.872009,13.837524,14.170685,13.688629,14.097839,14.390076
2009-08-24T07:00:00.0,17.990479,17.921051,17.940765,17.69989,17.879547,18.025208,17.760223,18.003693,18.235168
2009-08-24T08:00:00.0,20.429016,20.39618,20.335205,20.078857,20.353363,20.377441,20.280457,20.383667,20.51184
2009-08-24T09:00:00.0,21.488647,21.604523,21.577332,21.443665,21.378387,21.526886,21.105713,21.14209,21.370422
2009-08-24T10:00:00.0,22.149292,21.933258,22.122131,22.062103,21.789215,22.102661,21.599121,21.868378,21.985687
2009-08-24T11:00:00.0,23.01175,22.65332,22.84549,22.803131,22.606964,22.922882,22.503754,22.831543,22.89853
2009-08-24T12:00:00.0,23.566528,23.158722,23.406067,23.365753,23.11792,23.449432,23.036713,23.378326,23.423615
2009-08-24T13:00:00.0,24.013367,23.620728,23.848083,23.797272,23.56311,23.842194,23.454956,23.840546,23.819977
2009-08-24T14:00:00.0,24.179657,23.805023,24.079224,24.022156,23.714386,24.034851,23.576202,23.963898,23.968811
2009-08-24T15:00:00.0,23.870758,23.547668,23.839722,23.77594,23.434235,23.805634,23.266876,23.638641,23.735046
2009-08-24T16:00:00.0,22.84195,22.633728,22.90094,22.786957,22.436005,22.842133,22.246002,22.609406,22.786102
2009-08-24T17:00:00.0,21.464386,21.445007,21.688232,21.633545,21.159515,21.643219,20.859894,21.188202,21.595398
2009-08-24T18:00:00.0,17.884735,17.880798,18.157684,17.999847,17.540527,17.969604,17.151428,17.569336,17.920013
2009-08-24T19:00:00.0,12.471527,12.561279,12.739624,12.295837,12.153748,12.381317,11.676483,12.180481,12.434662
2009-08-24T20:00:00.0,11.414642,11.518097,11.631561,11.254089,11.150848,11.385162,10.718933,11.172638,11.479645
2009-08-24T21:00:00.0,10.684021,10.702637,10.906677,10.601013,10.377441,10.712769,10.0269165,10.49231,10.82962
2009-08-24T22:00:00.0,10.254395,10.243591,10.545593,10.264557,9.863037,10.3211975,9.538147,10.021149,10.409302
2009-08-24T23:00:00.0,9.953522,9.9823,10.349823,10.158569,9.550873,10.087128,9.157013,9.6545105,10.103027
