time (UTC),"UTCI (47.5˚N, 8.5˚E)","UTCI (47.75˚N, 8.25˚E)","UTCI (47.5˚N, 8.25˚E)","UTCI (47.25˚N, 8.25˚E)","UTCI (47.75˚N, 8.5˚E)","UTCI (47.25˚N, 8.5˚E)","UTCI (47.75˚N, 8.75˚E)","UTCI (47.5˚N, 8.75˚E)","UTCI (47.25˚N, 8.75˚E)"
2014-08-07T00:00:00.0,16.252869,15.882996,15.882996,16.539398,16.252869,17.824951,16.376343,16.376343,16.859375
2014-08-07T01:00:00.0,16.532501,15.987976,15.987976,15.339264,16.532501,16.637909,16.300537,16.300537,16.563599
2014-08-07T02:00:00.0,14.157715,14.582062,14.582062,14.843842,14.157715,16.09671,14.937256,14.937256,14.449127
2014-08-07T03:00:00.0,14.311005,14.454559,14.454559,14.959717,14.311005,16.38507,14.020142,14.020142,14.913452
2014-08-07T04:00:00.0,13.411316,13.294769,13.294769,13.733307,13.411316,15.076324,13.19339,13.19339,14.098602
2014-08-07T05:00:00.0,15.987488,15.600647,15.600647,15.533417,15.987488,17.617676,16.441772,16.441772,16.494263
2014-08-07T06:00:00.0,19.57605,19.502014,19.502014,20.1792,19.57605,21.953918,19.765015,19.765015,20.51883
2014-08-07T07:00:00.0,22.304108,22.46875,22.46875,22.563354,22.304108,22.061584,21.95459,21.95459,19.990997
2014-08-07T08:00:00.0,26.135925,25.815216,25.815216,26.67453,26.135925,26.814697,25.826324,25.826324,25.870667
2014-08-07T09:00:00.0,26.822784,26.316467,26.316467,27.901398,26.822784,28.13861,26.807129,26.807129,26.884674
2014-08-07T10:00:00.0,26.927399,26.95221,26.95221,29.636688,26.927399,29.813751,26.78244,26.78244,27.917511
2014-08-07T11:00:00.0,27.527802,26.098267,26.098267,28.355011,27.527802,29.498505,27.404541,27.404541,27.943085
2014-08-07T12:00:00.0,27.839783,26.39206,26.39206,28.270569,27.839783,29.033142,28.059723,28.059723,27.399872
2014-08-07T13:00:00.0,27.539764,26.435822,26.435822,28.218262,27.539764,29.044708,27.56192,27.56192,27.134186
2014-08-07T14:00:00.0,28.167114,27.24707,27.24707,28.210236,28.167114,28.980804,28.10971,28.10971,26.911072
2014-08-07T15:00:00.0,28.281372,26.849915,26.849915,27.965332,28.281372,28.94815,28.371094,28.371094,27.792511
2014-08-07T16:00:00.0,28.978455,27.72937,27.72937,27.997314,28.978455,28.793457,28.238922,28.238922,27.309296
2014-08-07T17:00:00.0,25.029602,25.253082,25.253082,24.683075,25.029602,26.00061,24.360565,24.360565,25.07785
2014-08-07T18:00:00.0,23.570953,23.51883,23.51883,23.995941,23.570953,24.660065,23.481995,23.481995,24.10614
2014-08-07T19:00:00.0,19.347137,18.55899,18.55899,19.202606,19.347137,20.71878,20.081696,20.081696,19.305573
2014-08-07T20:00:00.0,16.280396,15.218964,15.218964,15.261444,16.280396,17.34909,16.481842,16.481842,17.121826
2014-08-07T21:00:00.0,15.353668,14.96167,14.96167,15.4522705,15.353668,17.63034,16.145569,16.145569,15.63501
2014-08-07T22:00:00.0,14.376526,14.103546,14.103546,16.499573,14.376526,17.603973,15.323914,15.323914,15.032928
2014-08-07T23:00:00.0,14.128967,14.064056,14.064056,16.38147,14.128967,17.08841,14.953339,14.953339,15.087616
2014-08-08T00:00:00.0,13.983368,13.989044,13.989044,16.274475,13.983368,17.171783,14.582489,14.582489,15.222107
2014-08-08T01:00:00.0,13.360046,13.089813,13.089813,15.261383,13.360046,16.679443,13.647583,13.647583,14.850647
2014-08-08T02:00:00.0,13.125488,13.002716,13.002716,14.702881,13.125488,16.407837,12.565674,12.565674,14.647278
2014-08-08T03:00:00.0,12.27359,11.9722595,11.9722595,14.280304,12.27359,15.777222,11.876007,11.876007,13.554169
2014-08-08T04:00:00.0,12.33252,12.369568,12.369568,14.1553955,12.33252,15.635864,11.574432,11.574432,13.508606
2014-08-08T05:00:00.0,13.562744,13.442322,13.442322,15.807953,13.562744,16.847137,15.373138,15.373138,14.184235
2014-08-08T06:00:00.0,20.338745,19.517609,19.517609,21.416748,20.338745,22.661133,21.34256,21.34256,21.0242
2014-08-08T07:00:00.0,25.23288,24.724884,24.724884,25.044739,25.23288,25.817139,25.151825,25.151825,24.343597
2014-08-08T08:00:00.0,27.177368,26.459381,26.459381,26.933716,27.177368,27.477112,27.387482,27.387482,26.667175
2014-08-08T09:00:00.0,29.218689,28.673798,28.673798,29.130707,29.218689,29.606506,29.548035,29.548035,28.852936
2014-08-08T10:00:00.0,29.937286,29.277954,29.277954,30.02658,29.937286,30.797424,30.516876,30.516876,30.041199
2014-08-08T11:00:00.0,29.92627,29.055237,29.055237,30.166168,29.92627,31.213257,30.53714,30.53714,30.460815
2014-08-08T12:00:00.0,30.232635,29.173096,29.173096,30.9404,30.232635,31.553986,31.094666,31.094666,30.80487
2014-08-08T13:00:00.0,30.116913,29.107239,29.107239,30.180756,30.116913,31.275818,31.32013,31.32013,30.86792
2014-08-08T14:00:00.0,29.710846,28.936493,28.936493,30.445526,29.710846,31.473022,30.862549,30.862549,30.592773
2014-08-08T15:00:00.0,28.884766,28.2341,28.2341,29.02246,28.884766,29.651337,29.9682,29.9682,28.641663
2014-08-08T16:00:00.0,29.521149,29.105804,29.105804,29.63742,29.521149,30.739563,30.147736,30.147736,29.667511
2014-08-08T17:00:00.0,28.399536,27.738953,27.738953,28.487457,28.399536,29.679077,29.28543,29.28543,28.61734
2014-08-08T18:00:00.0,26.808655,26.434906,26.434906,26.748749,26.808655,27.763763,27.223053,27.223053,26.946228
2014-08-08T19:00:00.0,20.052887,20.257751,20.257751,21.798553,20.052887,23.229065,22.746399,22.746399,22.79889
2014-08-08T20:00:00.0,19.524231,18.471863,18.471863,19.270905,19.524231,21.039124,19.273834,19.273834,18.365112
2014-08-08T21:00:00.0,19.99701,18.663239,18.663239,19.77069,19.99701,21.255981,19.169006,19.169006,18.76056
2014-08-08T22:00:00.0,18.695251,17.709198,17.709198,18.716888,18.695251,20.324463,19.665253,19.665253,18.265503
2014-08-08T23:00:00.0,18.764954,17.203125,17.203125,16.806732,18.764954,17.459717,19.250305,19.250305,16.849121
2014-08-09T00:00:00.0,16.317535,17.40097,17.40097,16.101166,16.317535,15.2565,17.97818,17.97818,15.397766
2014-08-09T01:00:00.0,16.140411,17.196991,17.196991,15.961212,16.140411,15.253296,18.197296,18.197296,14.43689
2014-08-09T02:00:00.0,15.563416,16.697205,16.697205,15.930908,15.563416,15.651428,17.888031,17.888031,13.878265
2014-08-09T03:00:00.0,15.273468,15.200531,15.200531,16.085876,15.273468,16.523468,17.619507,17.619507,14.034637
2014-08-09T04:00:00.0,15.865082,15.704742,15.704742,16.260376,15.865082,16.649933,17.407654,17.407654,14.774963
2014-08-09T05:00:00.0,16.559875,16.14566,16.14566,17.584991,16.559875,18.953766,16.984863,16.984863,16.793823
2014-08-09T06:00:00.0,18.754486,17.450836,17.450836,21.074677,18.754486,23.037415,19.621338,19.621338,20.98706
2014-08-09T07:00:00.0,20.521729,19.44873,19.44873,22.953278,20.521729,25.384552,21.431824,21.431824,25.36966
2014-08-09T08:00:00.0,21.286224,20.463715,20.463715,23.805817,21.286224,25.886993,22.015686,22.015686,25.282867
2014-08-09T09:00:00.0,23.120544,21.61856,21.61856,23.063843,23.120544,25.88382,23.013916,23.013916,24.510773
2014-08-09T10:00:00.0,24.556458,23.378876,23.378876,24.65982,24.556458,26.607605,24.436707,24.436707,24.825256
2014-08-09T11:00:00.0,24.910065,23.770355,23.770355,25.317871,24.910065,26.75241,24.506897,24.506897,24.42276
2014-08-09T12:00:00.0,26.414368,25.428436,25.428436,28.832489,26.414368,29.911499,25.818726,25.818726,27.251343
2014-08-09T13:00:00.0,26.93747,26.338165,26.338165,29.561737,26.93747,30.142365,26.506897,26.506897,28.037415
2014-08-09T14:00:00.0,27.561829,26.935455,26.935455,29.775574,27.561829,30.432983,27.008118,27.008118,28.843689
2014-08-09T15:00:00.0,28.857147,27.72699,27.72699,29.24347,28.857147,30.802124,28.6651,28.6651,30.17453
2014-08-09T16:00:00.0,28.244629,27.962189,27.962189,29.006348,28.244629,29.863403,28.860962,28.860962,28.658813
2014-08-09T17:00:00.0,27.829926,27.27359,27.27359,27.072906,27.829926,28.169525,28.103577,28.103577,26.895996
2014-08-09T18:00:00.0,24.566284,24.206696,24.206696,23.691437,24.566284,24.725555,24.510223,24.510223,23.810974
2014-08-09T19:00:00.0,18.904175,19.134308,19.134308,18.388336,18.904175,19.683441,18.732635,18.732635,18.786438
2014-08-09T20:00:00.0,15.551422,16.362244,16.362244,16.887054,15.551422,17.621582,15.471191,15.471191,16.42923
2014-08-09T21:00:00.0,15.714935,16.416107,16.416107,16.751465,15.714935,17.088715,15.41803,15.41803,16.068268
2014-08-09T22:00:00.0,15.351959,16.240265,16.240265,16.952942,15.351959,17.157837,15.947784,15.947784,16.43335
2014-08-09T23:00:00.0,15.9198,16.164124,16.164124,16.87622,15.9198,17.325043,16.656982,16.656982,16.544373
2014-08-10T00:00:00.0,16.033936,16.340485,16.340485,16.604187,16.033936,17.111176,16.037537,16.037537,16.326477
2014-08-10T01:00:00.0,16.469696,16.608093,16.608093,17.271515,16.469696,17.19809,16.243805,16.243805,16.468628
2014-08-10T02:00:00.0,16.003113,15.146881,15.146881,16.05066,16.003113,16.138947,15.142975,15.142975,15.75415
2014-08-10T03:00:00.0,15.450195,14.542114,14.542114,15.17215,15.450195,15.75354,16.742188,16.742188,14.884705
2014-08-10T04:00:00.0,14.639862,14.332275,14.332275,16.242554,14.639862,17.295593,15.662323,15.662323,14.361969
2014-08-10T05:00:00.0,16.46457,15.974976,15.974976,17.621033,16.46457,18.55783,15.8871765,15.8871765,15.803131
2014-08-10T06:00:00.0,20.16626,18.967987,18.967987,20.352234,20.16626,21.353027,21.35559,21.35559,19.226288
2014-08-10T07:00:00.0,22.917816,21.538574,21.538574,24.322357,22.917816,25.553467,23.65155,23.65155,24.080688
2014-08-10T08:00:00.0,25.974518,24.621613,24.621613,26.535309,25.974518,27.821533,26.680573,26.680573,26.862396
2014-08-10T09:00:00.0,27.032928,25.97757,25.97757,26.7854,27.032928,27.772278,27.826233,27.826233,27.154816
2014-08-10T10:00:00.0,29.5289,28.209381,28.209381,28.47113,29.5289,29.655975,30.37326,30.37326,29.207
2014-08-10T11:00:00.0,31.698883,30.699677,30.699677,31.618317,31.698883,32.946533,32.615967,32.615967,32.26233
2014-08-10T12:00:00.0,32.368958,31.83142,31.83142,32.447968,32.368958,33.78,33.340393,33.340393,33.0383
2014-08-10T13:00:00.0,32.60733,32.326935,32.326935,32.78241,32.60733,34.118195,33.61203,33.61203,33.465607
2014-08-10T14:00:00.0,32.783173,32.632507,32.632507,33.25885,32.783173,34.284027,33.620544,33.620544,33.18396
2014-08-10T15:00:00.0,32.19879,31.893951,31.893951,32.397858,32.19879,33.60559,33.522095,33.522095,32.438416
2014-08-10T16:00:00.0,30.956787,30.33966,30.33966,31.11029,30.956787,32.97342,32.302643,32.302643,31.815613
2014-08-10T17:00:00.0,28.944122,28.218231,28.218231,28.359497,28.944122,30.04718,29.853973,29.853973,28.870361
2014-08-10T18:00:00.0,25.318756,24.590057,24.590057,24.4758,25.318756,26.157013,26.370178,26.370178,25.441559
2014-08-10T19:00:00.0,19.446564,18.96939,18.96939,20.674347,19.446564,22.27536,20.614899,20.614899,21.364227
2014-08-10T20:00:00.0,17.072327,16.942688,16.942688,18.80365,17.072327,20.275787,17.35263,17.35263,19.636292
2014-08-10T21:00:00.0,15.886108,14.708221,14.708221,18.054749,15.886108,19.937958,16.253632,16.253632,18.981232
2014-08-10T22:00:00.0,15.6449585,14.39798,14.39798,17.533997,15.6449585,19.33545,15.683105,15.683105,18.841003
2014-08-10T23:00:00.0,16.358643,15.483185,15.483185,17.94046,16.358643,19.342773,16.004303,16.004303,18.782715
2014-08-11T00:00:00.0,16.189484,15.841614,15.841614,17.82605,16.189484,19.092468,15.8532715,15.8532715,18.220062
2014-08-11T01:00:00.0,15.927032,15.935242,15.935242,17.859497,15.927032,18.819,15.514038,15.514038,17.847565
2014-08-11T02:00:00.0,15.388916,15.585541,15.585541,17.814392,15.388916,18.713684,15.279022,15.279022,17.828247
2014-08-11T03:00:00.0,16.276794,15.85202,15.85202,17.773987,16.276794,19.734924,16.38623,16.38623,18.546936
2014-08-11T04:00:00.0,16.110474,14.946045,14.946045,16.723724,16.110474,19.259552,17.31546,17.31546,18.71811
2014-08-11T05:00:00.0,15.625946,14.626587,14.626587,15.498932,15.625946,17.97638,17.127777,17.127777,18.328613
2014-08-11T06:00:00.0,16.562653,15.54715,15.54715,15.76535,16.562653,17.804993,17.359467,17.359467,17.621552
2014-08-11T07:00:00.0,22.536987,21.643677,21.643677,21.554596,22.536987,22.637482,22.299744,22.299744,22.04544
2014-08-11T08:00:00.0,21.85492,20.669037,20.669037,18.536133,21.85492,19.110352,21.795593,21.795593,18.76587
2014-08-11T09:00:00.0,19.644714,18.81546,18.81546,17.617096,19.644714,18.2005,19.766357,19.766357,17.508331
2014-08-11T10:00:00.0,20.208435,19.285187,19.285187,18.949677,20.208435,20.320618,20.440155,20.440155,19.633636
2014-08-11T11:00:00.0,20.561401,20.42163,20.42163,20.814026,20.561401,20.716003,19.726166,19.726166,18.39917
2014-08-11T12:00:00.0,20.633484,19.487396,19.487396,20.658752,20.633484,20.858673,20.082794,20.082794,19.564392
2014-08-11T13:00:00.0,22.646057,20.94104,20.94104,22.608612,22.646057,23.800964,22.179047,22.179047,22.726898
2014-08-11T14:00:00.0,21.218597,20.606873,20.606873,21.581299,21.218597,22.324127,20.614502,20.614502,20.432404
2014-08-11T15:00:00.0,21.147736,20.006317,20.006317,21.248352,21.147736,22.204163,20.676086,20.676086,20.015228
2014-08-11T16:00:00.0,20.909729,19.24649,19.24649,21.227478,20.909729,22.70816,21.393005,21.393005,20.654633
2014-08-11T17:00:00.0,19.748932,17.761139,17.761139,20.408813,19.748932,22.263153,20.241638,20.241638,20.335083
2014-08-11T18:00:00.0,17.465942,15.941925,15.941925,18.804688,17.465942,20.386658,17.518127,17.518127,18.67389
2014-08-11T19:00:00.0,13.774414,12.194763,12.194763,14.739014,13.774414,15.9036255,13.58783,13.58783,15.456116
2014-08-11T20:00:00.0,11.837128,10.593079,10.593079,12.4496155,11.837128,13.250092,11.703491,11.703491,13.276855
2014-08-11T21:00:00.0,11.458313,10.959595,10.959595,11.944366,11.458313,12.618805,11.295074,11.295074,12.86264
2014-08-11T22:00:00.0,12.019592,11.758331,11.758331,12.420105,12.019592,13.206299,11.794189,11.794189,13.169403
2014-08-11T23:00:00.0,12.358185,12.018463,12.018463,13.152985,12.358185,14.304443,12.329529,12.329529,14.158722
2014-08-12T00:00:00.0,12.011566,11.163605,11.163605,12.800873,12.011566,14.152313,12.294189,12.294189,14.16687
2014-08-12T01:00:00.0,11.165649,9.634949,9.634949,11.59436,11.165649,12.858337,12.194824,12.194824,13.336304
2014-08-12T02:00:00.0,8.669861,7.616699,7.616699,9.31543,8.669861,10.942322,10.480682,10.480682,12.38858
2014-08-12T03:00:00.0,8.223236,7.61557,7.61557,9.219635,8.223236,10.161346,9.768463,9.768463,12.185669
2014-08-12T04:00:00.0,8.966888,8.348633,8.348633,9.597931,8.966888,9.950073,9.4339905,9.4339905,11.403442
2014-08-12T05:00:00.0,11.376862,11.350037,11.350037,11.3420105,11.376862,12.417786,11.906708,11.906708,12.392517
2014-08-12T06:00:00.0,13.9904175,14.019379,14.019379,14.413116,13.9904175,16.306091,14.1970825,14.1970825,16.320862
2014-08-12T07:00:00.0,18.285706,18.235992,18.235992,20.560303,18.285706,21.403717,18.327332,18.327332,20.64392
2014-08-12T08:00:00.0,19.81073,19.218689,19.218689,21.597076,19.81073,22.66217,20.242676,20.242676,21.779022
2014-08-12T09:00:00.0,20.903381,20.631378,20.631378,23.693756,20.903381,24.54956,21.482025,21.482025,23.294281
2014-08-12T10:00:00.0,21.67868,21.496979,21.496979,24.475433,21.67868,25.03238,21.96811,21.96811,23.804138
2014-08-12T11:00:00.0,22.735474,21.895996,21.895996,24.857758,22.735474,25.743683,23.161957,23.161957,24.29129
2014-08-12T12:00:00.0,23.420044,22.30194,22.30194,25.437958,23.420044,27.026733,24.308167,24.308167,25.682312
2014-08-12T13:00:00.0,23.920319,23.072906,23.072906,26.016876,23.920319,27.352325,25.150543,25.150543,26.253082
2014-08-12T14:00:00.0,24.395874,23.97528,23.97528,26.03711,24.395874,27.319458,25.071777,25.071777,26.18686
2014-08-12T15:00:00.0,23.976074,23.36145,23.36145,25.55307,23.976074,26.371185,24.250916,24.250916,24.95282
2014-08-12T16:00:00.0,23.808655,22.738129,22.738129,24.798035,23.808655,25.169403,24.064331,24.064331,22.844727
2014-08-12T17:00:00.0,23.848846,21.711243,21.711243,23.257965,23.848846,24.686981,24.49945,24.49945,23.564087
2014-08-12T18:00:00.0,21.401855,20.175232,20.175232,20.884766,21.401855,22.0253,22.38272,22.38272,21.432526
2014-08-12T19:00:00.0,16.82016,16.630402,16.630402,17.918823,16.82016,18.553223,16.543304,16.543304,17.63028
2014-08-12T20:00:00.0,15.384766,14.858917,14.858917,17.081787,15.384766,17.695557,15.604431,15.604431,16.785767
2014-08-12T21:00:00.0,14.622955,15.394867,15.394867,16.615875,14.622955,17.252808,14.303375,14.303375,15.475739
2014-08-12T22:00:00.0,15.567444,15.575867,15.575867,15.116821,15.567444,16.534576,15.814423,15.814423,15.043152
2014-08-12T23:00:00.0,16.30252,15.237793,15.237793,15.919464,16.30252,16.984436,16.323456,16.323456,14.762146
2014-08-13T00:00:00.0,16.477814,15.029297,15.029297,15.153778,16.477814,16.719757,16.619934,16.619934,15.031555
2014-08-13T01:00:00.0,15.416962,14.259338,14.259338,14.825378,15.416962,16.244904,15.697937,15.697937,14.245941
2014-08-13T02:00:00.0,13.626038,13.555084,13.555084,14.968506,13.626038,15.610443,13.741058,13.741058,13.542297
2014-08-13T03:00:00.0,12.563477,12.597046,12.597046,13.541901,12.563477,14.107056,12.744568,12.744568,13.079132
2014-08-13T04:00:00.0,13.291321,13.172821,13.172821,13.157227,13.291321,13.525116,13.509125,13.509125,13.716583
2014-08-13T05:00:00.0,13.4348755,13.032898,13.032898,13.750885,13.4348755,14.756683,14.468597,14.468597,14.860992
2014-08-13T06:00:00.0,14.915131,14.493225,14.493225,14.764465,14.915131,15.723846,15.333649,15.333649,15.938599
2014-08-13T07:00:00.0,15.148346,15.383209,15.383209,17.060791,15.148346,17.58722,15.502014,15.502014,16.075134
2014-08-13T08:00:00.0,17.201904,17.331604,17.331604,18.50058,17.201904,18.338562,16.792267,16.792267,16.986145
2014-08-13T09:00:00.0,19.781097,18.766998,18.766998,18.315857,19.781097,18.377533,19.532593,19.532593,18.980865
2014-08-13T10:00:00.0,18.286469,18.216827,18.216827,17.111023,18.286469,17.426727,18.197693,18.197693,16.043976
2014-08-13T11:00:00.0,18.76773,19.304688,19.304688,19.374817,18.76773,19.240662,18.26175,18.26175,17.007599
2014-08-13T12:00:00.0,18.296661,18.067017,18.067017,18.426666,18.296661,20.723541,19.043915,19.043915,19.68805
2014-08-13T13:00:00.0,16.242767,15.048767,15.048767,19.63086,16.242767,22.697052,19.138855,19.138855,21.832977
2014-08-13T14:00:00.0,17.551025,17.002716,17.002716,16.781433,17.551025,19.219818,15.504791,15.504791,15.626007
2014-08-13T15:00:00.0,15.390472,13.505371,13.505371,15.834564,15.390472,18.951904,16.891327,16.891327,18.368896
2014-08-13T16:00:00.0,11.895599,9.776947,9.776947,12.4823,11.895599,15.223724,13.26355,13.26355,14.667053
2014-08-13T17:00:00.0,8.072968,5.9327087,5.9327087,7.0980835,8.072968,9.584473,8.779266,8.779266,8.201263
2014-08-13T18:00:00.0,5.122528,3.4798584,3.4798584,4.764801,5.122528,6.624481,4.761017,4.761017,4.7944946
2014-08-13T19:00:00.0,1.7705383,1.6362915,1.6362915,3.848175,1.7705383,5.060272,1.1340332,1.1340332,2.6275024
2014-08-13T20:00:00.0,1.6087646,2.122467,2.122467,5.219269,1.6087646,5.88385,1.0088501,1.0088501,3.313385
2014-08-13T21:00:00.0,3.8424683,4.806427,4.806427,8.093842,3.8424683,8.976776,2.6794434,2.6794434,5.8522034
2014-08-13T22:00:00.0,6.619171,7.573517,7.573517,9.8628845,6.619171,10.940735,5.2499084,5.2499084,8.069061
2014-08-13T23:00:00.0,7.848175,8.017456,8.017456,10.274628,7.848175,11.377258,6.6802673,6.6802673,9.484772
2014-08-14T00:00:00.0,8.338379,8.480988,8.480988,10.256287,8.338379,11.064423,7.7354736,7.7354736,10.345276
2014-08-14T01:00:00.0,9.53067,9.2560425,9.2560425,10.774902,9.53067,11.822815,9.135681,9.135681,11.195923
2014-08-14T02:00:00.0,9.318634,9.3750305,9.3750305,10.387207,9.318634,10.630524,9.139893,9.139893,9.535767
2014-08-14T03:00:00.0,9.499725,9.938385,9.938385,11.043793,9.499725,11.592316,9.588806,9.588806,10.964478
2014-08-14T04:00:00.0,9.281158,9.712891,9.712891,10.090973,9.281158,10.709076,9.532593,9.532593,9.966705
2014-08-14T05:00:00.0,9.750916,10.1474,10.1474,10.280975,9.750916,11.4140625,10.0546875,10.0546875,11.439484
2014-08-14T06:00:00.0,10.580688,11.356812,11.356812,13.234039,10.580688,13.79541,10.746155,10.746155,12.86615
2014-08-14T07:00:00.0,10.5460205,11.060608,11.060608,13.638916,10.5460205,14.302643,10.39679,10.39679,13.151672
2014-08-14T08:00:00.0,12.506622,13.230011,13.230011,14.7760315,12.506622,15.738129,11.687622,11.687622,14.940216
2014-08-14T09:00:00.0,15.634552,16.387177,16.387177,17.100494,15.634552,18.611176,13.169586,13.169586,16.647522
2014-08-14T10:00:00.0,17.772888,19.349457,19.349457,19.881958,17.772888,19.634766,14.962769,14.962769,16.700012
2014-08-14T11:00:00.0,21.909698,21.580566,21.580566,20.708527,21.909698,21.706604,20.722473,20.722473,19.946838
2014-08-14T12:00:00.0,22.972534,22.14853,22.14853,21.349396,22.972534,22.937408,21.871948,21.871948,21.411133
2014-08-14T13:00:00.0,22.853424,21.590149,21.590149,20.899292,22.853424,22.40564,22.057312,22.057312,21.02359
2014-08-14T14:00:00.0,21.404419,18.983276,18.983276,19.83722,21.404419,21.574005,22.171356,22.171356,21.280334
2014-08-14T15:00:00.0,18.555206,17.940796,17.940796,17.516937,18.555206,19.578491,18.657288,18.657288,18.74591
2014-08-14T16:00:00.0,15.44162,13.135284,13.135284,13.56488,15.44162,16.580475,15.829163,15.829163,16.512146
2014-08-14T17:00:00.0,12.875671,12.44873,12.44873,15.276062,12.875671,15.317078,13.59671,13.59671,13.112427
2014-08-14T18:00:00.0,14.301758,14.807251,14.807251,15.894592,14.301758,16.96228,12.738342,12.738342,14.241577
2014-08-14T19:00:00.0,10.456421,10.242554,10.242554,10.951569,10.456421,13.425781,10.05011,10.05011,11.902252
2014-08-14T20:00:00.0,7.7046204,8.501984,8.501984,9.639648,7.7046204,10.996033,7.8092346,7.8092346,9.817383
2014-08-14T21:00:00.0,7.819824,9.249603,9.249603,9.58136,7.819824,10.510559,7.2783813,7.2783813,9.775482
2014-08-14T22:00:00.0,8.645416,9.4071045,9.4071045,9.553192,8.645416,11.225311,8.665558,8.665558,10.622101
2014-08-14T23:00:00.0,8.386169,8.835846,8.835846,9.306244,8.386169,11.272003,9.231567,9.231567,11.206421
2014-08-15T00:00:00.0,7.9716187,8.264099,8.264099,7.704193,7.9716187,7.8512573,8.639618,8.639618,7.878937
2014-08-15T01:00:00.0,8.739746,8.9711,8.9711,8.180237,8.739746,8.677124,9.1562805,9.1562805,9.177216
2014-08-15T02:00:00.0,8.555725,8.434601,8.434601,7.954651,8.555725,8.516632,8.954254,8.954254,9.092041
2014-08-15T03:00:00.0,7.457855,7.387329,7.387329,7.2759094,7.457855,7.673065,7.1520996,7.1520996,8.203644
2014-08-15T04:00:00.0,8.252258,8.088043,8.088043,8.188629,8.252258,8.422394,8.014313,8.014313,8.540405
2014-08-15T05:00:00.0,8.917145,7.8491516,7.8491516,9.291534,8.917145,11.528839,9.795258,9.795258,10.53714
2014-08-15T06:00:00.0,9.3350525,8.577087,8.577087,10.566101,9.3350525,13.175659,10.676941,10.676941,12.37915
2014-08-15T07:00:00.0,8.559753,9.370239,9.370239,12.684723,8.559753,14.281403,9.376373,9.376373,14.180115
2014-08-15T08:00:00.0,11.26889,10.628021,10.628021,13.976654,11.26889,15.569489,11.397949,11.397949,15.181549
2014-08-15T09:00:00.0,15.461212,15.020874,15.020874,17.505981,15.461212,18.822601,14.428833,14.428833,17.11847
2014-08-15T10:00:00.0,17.95102,16.596222,16.596222,17.041382,17.95102,19.338837,16.64096,16.64096,17.635193
2014-08-15T11:00:00.0,15.97168,14.847351,14.847351,15.300232,15.97168,17.675385,16.223083,16.223083,16.878967
2014-08-15T12:00:00.0,14.700378,13.806854,13.806854,14.803833,14.700378,15.513794,14.891052,14.891052,13.446686
2014-08-15T13:00:00.0,17.172089,16.553253,16.553253,18.584991,17.172089,18.577393,15.626801,15.626801,14.571503
2014-08-15T14:00:00.0,18.643646,17.37619,17.37619,19.713715,18.643646,19.415558,17.358826,17.358826,14.9123535
2014-08-15T15:00:00.0,17.220245,15.39093,15.39093,19.525024,17.220245,19.778748,16.34259,16.34259,16.224731
2014-08-15T16:00:00.0,14.845825,13.022675,13.022675,14.941223,14.845825,17.766205,14.604187,14.604187,15.56842
2014-08-15T17:00:00.0,11.908478,11.070129,11.070129,13.994507,11.908478,14.993256,13.234436,13.234436,13.07547
2014-08-15T18:00:00.0,8.922485,8.024139,8.024139,11.1427,8.922485,12.295044,8.798309,8.798309,8.758881
2014-08-15T19:00:00.0,7.569824,7.2356873,7.2356873,10.174927,7.569824,11.46286,6.8495483,6.8495483,8.784943
2014-08-15T20:00:00.0,6.4361877,5.241699,5.241699,7.768341,6.4361877,9.563843,5.9884644,5.9884644,7.942169
2014-08-15T21:00:00.0,6.2442017,5.6512756,5.6512756,7.5299377,6.2442017,9.125458,5.831726,5.831726,7.52359
2014-08-15T22:00:00.0,5.4385376,4.8277283,4.8277283,6.7431335,5.4385376,9.01059,4.7366943,4.7366943,7.4196777
2014-08-15T23:00:00.0,4.309723,4.0727844,4.0727844,6.0953674,4.309723,8.162964,3.5370789,3.5370789,6.218231
2014-08-16T00:00:00.0,4.8342896,4.8669434,4.8669434,6.8719177,4.8342896,8.724304,3.6631775,3.6631775,6.775482
2014-08-16T01:00:00.0,5.4309998,5.1541443,5.1541443,6.684021,5.4309998,8.794373,4.6521606,4.6521606,7.7401733
2014-08-16T02:00:00.0,5.025177,4.647156,4.647156,4.9515076,5.025177,6.2370605,4.462158,4.462158,6.6760254
2014-08-16T03:00:00.0,5.826477,5.37796,5.37796,7.290161,5.826477,9.718536,5.486084,5.486084,8.558258
2014-08-16T04:00:00.0,6.038025,4.979248,4.979248,6.3610535,6.038025,8.445007,5.9758606,5.9758606,7.5200806
2014-08-16T05:00:00.0,7.0921326,6.759918,6.759918,7.642853,7.0921326,10.105957,6.193451,6.193451,9.209747
2014-08-16T06:00:00.0,9.341797,9.417694,9.417694,9.778015,9.341797,11.792816,7.5703125,7.5703125,9.656616
2014-08-16T07:00:00.0,11.104614,10.960663,10.960663,12.4653015,11.104614,12.7638855,9.519775,9.519775,10.828827
2014-08-16T08:00:00.0,12.967499,12.727783,12.727783,13.827911,12.967499,14.6458435,12.06015,12.06015,12.774719
2014-08-16T09:00:00.0,18.980316,18.158112,18.158112,18.708038,18.980316,20.714722,16.973907,16.973907,17.308594
2014-08-16T10:00:00.0,20.057678,19.83136,19.83136,21.238098,20.057678,21.559387,18.324707,18.324707,17.291443
2014-08-16T11:00:00.0,21.149017,19.869568,19.869568,22.027435,21.149017,23.70639,19.273804,19.273804,19.219543
2014-08-16T12:00:00.0,22.928284,21.9169,21.9169,23.999786,22.928284,25.055786,20.801056,20.801056,20.927185
2014-08-16T13:00:00.0,22.750885,21.476898,21.476898,22.92746,22.750885,24.224396,20.94983,20.94983,21.014984
2014-08-16T14:00:00.0,21.464447,20.125061,20.125061,21.280426,21.464447,22.953949,20.661255,20.661255,20.1409
2014-08-16T15:00:00.0,20.078522,19.33429,19.33429,20.449951,20.078522,21.42633,19.307983,19.307983,19.018341
2014-08-16T16:00:00.0,19.070312,18.23468,18.23468,20.127808,19.070312,21.77005,18.37738,18.37738,19.017548
2014-08-16T17:00:00.0,19.606323,17.955994,17.955994,20.353027,19.606323,21.629059,19.64679,19.64679,19.108704
2014-08-16T18:00:00.0,17.633606,15.632446,15.632446,17.19397,17.633606,17.85205,17.60611,17.60611,16.689423
2014-08-16T19:00:00.0,11.584198,11.563324,11.563324,11.325562,11.584198,12.259064,11.546509,11.546509,11.131134
2014-08-16T20:00:00.0,9.768982,9.444916,9.444916,9.652588,9.768982,10.441315,9.7274475,9.7274475,9.298431
2014-08-16T21:00:00.0,9.854645,9.364838,9.364838,9.107361,9.854645,10.381165,9.733337,9.733337,9.622253
2014-08-16T22:00:00.0,8.855194,8.41861,8.41861,7.9799194,8.855194,7.894043,8.575165,8.575165,7.5059814
2014-08-16T23:00:00.0,8.54007,7.4619446,7.4619446,7.7292175,8.54007,8.267731,8.792053,8.792053,8.548279
2014-08-17T00:00:00.0,6.2500305,6.751648,6.751648,7.044525,6.2500305,7.410095,6.8126526,6.8126526,7.9220276
2014-08-17T01:00:00.0,4.9066467,6.6110535,6.6110535,6.4576416,4.9066467,6.450012,4.6772156,4.6772156,6.666931
2014-08-17T02:00:00.0,4.7957764,6.2507935,6.2507935,5.2712097,4.7957764,5.8437805,4.8589783,4.8589783,5.647949
2014-08-17T03:00:00.0,4.4254456,5.7550964,5.7550964,4.9634705,4.4254456,5.5869446,4.9140625,4.9140625,4.693634
2014-08-17T04:00:00.0,4.0164185,5.1868896,5.1868896,4.899231,4.0164185,5.412781,5.0427246,5.0427246,4.167755
2014-08-17T05:00:00.0,5.2381287,5.9016724,5.9016724,5.744934,5.2381287,6.165558,6.0273743,6.0273743,4.538147
2014-08-17T06:00:00.0,15.358459,15.106628,15.106628,13.22702,15.358459,14.975494,15.85202,15.85202,12.487793
2014-08-17T07:00:00.0,18.57602,18.911316,18.911316,18.717163,18.57602,19.74356,19.017822,19.017822,18.688507
2014-08-17T08:00:00.0,19.554718,20.309357,20.309357,21.18924,19.554718,22.089905,20.011536,20.011536,21.556763
2014-08-17T09:00:00.0,20.80664,21.544739,21.544739,22.69165,20.80664,23.572235,21.173218,21.173218,22.799469
2014-08-17T10:00:00.0,20.949158,20.640533,20.640533,23.005188,20.949158,24.154785,21.153381,21.153381,22.792328
2014-08-17T11:00:00.0,20.679138,20.033142,20.033142,22.824799,20.679138,24.217712,21.205505,21.205505,22.810333
2014-08-17T12:00:00.0,20.366669,19.847198,19.847198,22.394379,20.366669,23.950623,20.815613,20.815613,22.65271
2014-08-17T13:00:00.0,20.64325,19.863892,19.863892,22.728058,20.64325,24.218811,21.000977,21.000977,22.844482
2014-08-17T14:00:00.0,19.75827,19.206299,19.206299,22.933441,19.75827,24.217346,20.154053,20.154053,22.821655
2014-08-17T15:00:00.0,19.540924,17.922882,17.922882,21.12732,19.540924,23.331726,20.255432,20.255432,22.421112
2014-08-17T16:00:00.0,20.30243,18.375793,18.375793,20.995575,20.30243,23.031586,20.65622,20.65622,21.159698
2014-08-17T17:00:00.0,20.13208,18.495026,18.495026,20.889801,20.13208,22.803345,19.967926,19.967926,20.957916
2014-08-17T18:00:00.0,17.498016,16.261688,16.261688,17.759277,17.498016,18.39804,17.348877,17.348877,17.411285
2014-08-17T19:00:00.0,12.502045,11.783783,11.783783,13.96228,12.502045,14.830109,12.36142,12.36142,12.574982
2014-08-17T20:00:00.0,11.036072,10.893738,10.893738,12.891602,11.036072,13.570587,11.033722,11.033722,11.624878
2014-08-17T21:00:00.0,9.844086,8.832733,8.832733,11.575836,9.844086,12.427246,10.165497,10.165497,10.708618
2014-08-17T22:00:00.0,8.769623,7.0168457,7.0168457,10.643829,8.769623,11.631256,8.891144,8.891144,10.503906
2014-08-17T23:00:00.0,8.341736,7.0289917,7.0289917,10.098419,8.341736,10.48349,7.6242065,7.6242065,9.266235
2014-08-18T00:00:00.0,8.308258,7.390808,7.390808,9.313995,8.308258,9.845398,7.011841,7.011841,9.547302
2014-08-18T01:00:00.0,7.5720825,7.157318,7.157318,8.701263,7.5720825,9.040039,5.4158325,5.4158325,9.242554
2014-08-18T02:00:00.0,8.588837,7.7194824,7.7194824,8.831329,8.588837,9.122437,7.013855,7.013855,9.541687
2014-08-18T03:00:00.0,8.204071,7.651001,7.651001,8.310272,8.204071,8.152313,6.577545,6.577545,8.519379
2014-08-18T04:00:00.0,8.895569,9.006195,9.006195,8.947815,8.895569,8.848572,7.459503,7.459503,9.221924
2014-08-18T05:00:00.0,9.786011,9.79837,9.79837,9.859039,9.786011,10.270386,10.403839,10.403839,10.14624
2014-08-18T06:00:00.0,13.302429,12.94519,12.94519,15.362579,13.302429,17.039185,14.171295,14.171295,15.684082
2014-08-18T07:00:00.0,15.843475,15.190826,15.190826,16.543793,15.843475,18.417084,16.39029,16.39029,18.585602
2014-08-18T08:00:00.0,16.500916,15.32489,15.32489,18.969208,16.500916,20.983093,17.448761,17.448761,20.96695
2014-08-18T09:00:00.0,16.83554,15.393005,15.393005,20.659729,16.83554,23.31012,17.793976,17.793976,22.331818
2014-08-18T10:00:00.0,17.06018,15.645813,15.645813,18.976868,17.06018,21.886139,17.338043,17.338043,21.67038
2014-08-18T11:00:00.0,17.240417,15.813812,15.813812,19.10254,17.240417,21.295837,17.833008,17.833008,20.571838
2014-08-18T12:00:00.0,17.229095,16.210846,16.210846,18.681335,17.229095,20.063477,17.59079,17.59079,18.914093
2014-08-18T13:00:00.0,18.220795,17.26413,17.26413,19.548706,18.220795,20.97931,18.198242,18.198242,19.33496
2014-08-18T14:00:00.0,18.130463,16.470245,16.470245,19.159851,18.130463,21.283112,18.672485,18.672485,19.752502
2014-08-18T15:00:00.0,18.31195,16.4917,16.4917,19.707153,18.31195,21.735596,19.26587,19.26587,20.379883
2014-08-18T16:00:00.0,17.150208,15.548981,15.548981,18.758759,17.150208,21.21878,18.274902,18.274902,19.759766
2014-08-18T17:00:00.0,17.03836,15.002045,15.002045,17.63095,17.03836,20.978241,18.525879,18.525879,19.703796
2014-08-18T18:00:00.0,14.586212,13.017212,13.017212,15.648163,14.586212,17.528198,15.78717,15.78717,16.566498
2014-08-18T19:00:00.0,13.925751,11.998138,11.998138,14.434753,13.925751,15.88092,14.388428,14.388428,15.035004
2014-08-18T20:00:00.0,13.373444,11.885376,11.885376,14.312195,13.373444,15.243439,13.986755,13.986755,14.88855
2014-08-18T21:00:00.0,12.94455,12.695496,12.695496,15.020447,12.94455,16.2471,13.307495,13.307495,15.499237
2014-08-18T22:00:00.0,12.773865,12.972443,12.972443,14.649353,12.773865,15.810394,12.96283,12.96283,14.864777
2014-08-18T23:00:00.0,10.806061,12.063385,12.063385,12.298553,10.806061,12.425171,12.325989,12.325989,12.074097
