time (UTC),"UTCI (-23.0˚N, -43.25˚E)","UTCI (-22.75˚N, -43.5˚E)","UTCI (-23.0˚N, -43.5˚E)","UTCI (-23.25˚N, -43.5˚E)","UTCI (-22.75˚N, -43.25˚E)","UTCI (-23.25˚N, -43.25˚E)","UTCI (-22.75˚N, -43.0˚E)","UTCI (-23.0˚N, -43.0˚E)","UTCI (-23.25˚N, -43.0˚E)"
2016-08-07T00:00:00.0,18.674591,17.732819,18.65799,17.78598,17.46347,17.082367,17.0141,19.473999,16.569305
2016-08-07T01:00:00.0,18.250214,16.619293,18.236511,17.383636,16.364075,16.778107,15.831696,18.468567,16.396423
2016-08-07T02:00:00.0,17.897217,15.722382,17.75003,16.838135,15.539307,16.489044,15.113373,17.540253,16.381744
2016-08-07T03:00:00.0,17.41034,14.962036,17.063324,16.427124,14.716278,16.109009,14.414581,17.059265,16.255981
2016-08-07T04:00:00.0,16.731628,14.259369,16.245667,15.9149475,13.982239,15.623749,13.746277,16.813507,15.975037
2016-08-07T05:00:00.0,16.080933,13.7344055,15.5260315,15.176758,13.468628,14.975189,13.20108,16.322754,15.610046
2016-08-07T06:00:00.0,15.50882,13.180176,14.903198,14.413879,12.927948,14.264648,12.690613,15.145477,15.059418
2016-08-07T07:00:00.0,14.934479,12.601044,14.496643,14.074524,12.357117,13.831207,12.143219,14.7343445,14.683136
2016-08-07T08:00:00.0,14.510529,12.191376,13.978363,13.712067,11.991119,13.367371,11.6987,14.604523,14.253418
2016-08-07T09:00:00.0,14.147308,11.923431,13.522614,13.303162,11.842285,12.923828,11.571533,14.477478,13.813385
2016-08-07T10:00:00.0,15.709534,13.585999,14.888824,14.287384,13.719086,14.051575,13.670776,17.535767,14.966797
2016-08-07T11:00:00.0,22.35852,20.8031,21.655243,18.783905,21.082825,18.585266,21.163635,23.427795,19.155853
2016-08-07T12:00:00.0,27.727783,26.217926,27.052582,21.355865,26.887024,21.440918,27.645142,28.313019,21.660492
2016-08-07T13:00:00.0,30.846405,29.896118,30.237305,23.10431,30.230377,23.242584,31.148132,30.693787,23.248016
2016-08-07T14:00:00.0,32.602783,31.981049,32.052795,24.039001,32.450836,24.238983,33.523926,32.281555,24.258636
2016-08-07T15:00:00.0,33.959198,33.373535,32.8692,25.78543,33.49231,25.201538,34.43814,33.481995,24.912079
2016-08-07T16:00:00.0,35.468384,34.70041,33.539,20.899078,34.12433,22.699951,34.600098,34.720184,24.645386
2016-08-07T17:00:00.0,31.691162,34.18051,27.902954,19.278809,34.991577,19.372162,35.07843,33.76529,20.261688
2016-08-07T18:00:00.0,26.270782,29.478088,24.758728,19.442902,30.519165,19.085297,32.095093,27.509186,19.13974
2016-08-07T19:00:00.0,24.136536,26.09491,23.612366,20.501312,27.314453,20.349365,26.758942,24.407837,20.286377
2016-08-07T20:00:00.0,22.563019,23.438782,21.810944,19.296783,24.787903,19.305847,24.586945,23.03949,19.12265
2016-08-07T21:00:00.0,19.594421,20.054626,19.620087,17.805237,20.830322,17.097687,21.01944,20.04309,16.618622
2016-08-07T22:00:00.0,20.022736,19.054535,20.009064,18.66452,19.762695,17.656738,19.725647,20.152527,16.694061
2016-08-07T23:00:00.0,20.489716,19.172516,20.34549,18.576935,19.871338,17.546173,19.910492,20.72113,16.726746
2016-08-08T00:00:00.0,20.746124,19.31485,20.642242,18.004303,19.626709,16.731476,19.106873,20.455048,15.633209
2016-08-08T01:00:00.0,20.870941,19.55191,20.272491,17.01947,19.899933,16.207764,19.332886,20.673523,15.327209
2016-08-08T02:00:00.0,20.82315,19.580566,20.292908,17.008179,19.895569,15.989807,19.548828,20.842865,15.301727
2016-08-08T03:00:00.0,20.810974,19.32132,19.729156,16.843445,19.641296,15.641052,19.193878,21.246307,15.10376
2016-08-08T04:00:00.0,20.32846,18.976807,19.333344,17.112915,19.33899,15.726654,19.837646,21.167206,15.507751
2016-08-08T05:00:00.0,20.963593,19.499146,20.370453,17.294952,19.708496,16.047821,19.816284,21.492798,15.921448
2016-08-08T06:00:00.0,21.496704,19.900513,21.194946,17.131134,20.099457,16.292725,20.172485,21.944672,16.218811
2016-08-08T07:00:00.0,21.588318,20.01117,20.982452,16.430695,20.159424,15.414886,20.45813,22.01297,15.154449
2016-08-08T08:00:00.0,21.496002,19.948303,21.028778,15.6822815,20.133423,14.9104,20.401184,21.63852,14.740082
2016-08-08T09:00:00.0,21.339722,20.081726,20.828949,15.065918,20.230286,14.696381,20.500458,21.543427,14.718933
2016-08-08T10:00:00.0,21.183716,20.483368,20.904724,15.110992,20.59436,14.941895,20.548157,21.043152,15.071442
2016-08-08T11:00:00.0,21.281342,22.396973,22.199158,16.266998,22.475494,16.210114,22.490173,20.425812,16.33255
2016-08-08T12:00:00.0,23.132874,25.126312,24.591827,17.481415,25.066833,17.5802,24.759888,21.97052,17.842834
2016-08-08T13:00:00.0,24.95642,27.030182,25.692932,18.292328,27.092407,18.710846,26.53424,24.091187,19.237915
2016-08-08T14:00:00.0,24.96817,27.766754,25.591064,18.355133,27.18924,18.634491,26.794983,24.122955,18.967499
2016-08-08T15:00:00.0,25.587433,28.486572,26.290314,18.80487,27.901672,18.860138,27.631805,24.671661,19.06131
2016-08-08T16:00:00.0,25.641663,29.398712,26.625702,18.65918,28.252869,18.47519,27.438965,24.301056,18.510529
2016-08-08T17:00:00.0,25.392944,28.814362,25.834503,18.256622,27.658936,18.332367,26.532166,23.891602,18.357391
2016-08-08T18:00:00.0,22.176727,26.598938,24.256195,16.977081,25.771729,16.025696,24.87674,20.50467,15.72403
2016-08-08T19:00:00.0,22.158112,25.505188,23.304535,17.175415,26.0047,16.85611,25.871704,21.636627,17.125275
2016-08-08T20:00:00.0,19.761047,22.1586,20.906464,15.748779,23.034698,15.012726,23.283905,18.81247,14.57132
2016-08-08T21:00:00.0,17.389069,19.45111,18.230774,13.439087,19.920288,13.063873,19.710419,17.184692,12.792938
2016-08-08T22:00:00.0,17.33496,18.879578,18.31903,13.526733,19.08194,13.051178,18.733398,17.20758,12.650543
2016-08-08T23:00:00.0,17.854523,19.136932,18.808594,13.533478,19.24356,13.08017,18.94284,17.339691,12.750305
2016-08-09T00:00:00.0,17.711853,18.708008,18.932404,13.452209,18.21988,12.694397,18.143677,16.707458,12.250183
2016-08-09T01:00:00.0,18.075836,18.845642,19.572266,13.444366,18.05426,12.514832,18.215454,16.782806,12.064301
2016-08-09T02:00:00.0,18.894073,19.457489,20.262909,13.64801,19.10263,12.882141,18.718964,17.306458,12.519531
2016-08-09T03:00:00.0,19.670868,19.679077,20.507812,14.033844,19.126526,13.272491,18.92392,18.091034,12.682404
2016-08-09T04:00:00.0,20.098846,18.87201,20.300354,14.42453,18.110718,13.566711,17.524506,18.416595,12.832886
2016-08-09T05:00:00.0,20.36795,19.014832,20.162048,14.753571,18.907745,14.00235,18.194977,18.80127,13.234711
2016-08-09T06:00:00.0,19.653748,17.546875,19.38559,14.759613,17.717987,13.888184,17.268005,18.414368,12.986938
2016-08-09T07:00:00.0,19.504059,18.186432,19.737152,15.658203,18.33435,14.917297,18.06186,18.828644,13.710754
2016-08-09T08:00:00.0,19.151886,18.340485,19.499115,15.971985,18.105957,14.985046,17.718353,18.81137,13.544739
2016-08-09T09:00:00.0,19.247284,17.695251,19.394135,16.484894,17.483887,15.429077,17.51535,18.759247,13.73465
2016-08-09T10:00:00.0,21.232758,19.710754,20.971832,18.32373,20.110596,17.638977,19.888275,20.998932,15.896973
2016-08-09T11:00:00.0,26.511353,24.36261,25.632172,22.36621,25.564209,22.159729,25.639343,26.462616,20.589294
2016-08-09T12:00:00.0,29.26538,26.839996,28.093536,23.545624,28.57248,23.86444,29.304962,29.393585,22.528595
2016-08-09T13:00:00.0,30.815918,28.41626,29.391754,25.570618,29.854279,25.52417,30.867523,30.886261,23.961853
2016-08-09T14:00:00.0,32.406097,30.210663,30.985474,27.202484,31.872437,27.342102,32.917786,32.411438,25.731781
2016-08-09T15:00:00.0,33.98697,32.451202,33.261414,26.0271,33.15686,26.116455,33.709076,33.196594,25.846558
2016-08-09T16:00:00.0,33.94986,33.872986,33.499817,22.846252,33.88675,23.277985,33.933746,32.99643,24.266205
2016-08-09T17:00:00.0,33.90619,35.667267,32.996765,22.483124,34.848724,23.033142,34.185303,33.293396,24.151367
2016-08-09T18:00:00.0,31.400635,34.657715,30.297028,22.968384,34.165314,22.928314,33.503387,31.772766,23.659912
2016-08-09T19:00:00.0,28.694305,29.392914,28.529694,23.81543,30.411804,23.01654,31.019043,29.430725,23.131622
2016-08-09T20:00:00.0,26.697968,26.567413,26.293213,23.557098,27.833862,21.621552,28.262299,27.379517,20.844452
2016-08-09T21:00:00.0,24.531586,22.407806,23.370056,21.855316,23.164429,20.190063,23.37207,24.659088,18.213043
2016-08-09T22:00:00.0,23.244019,20.842773,21.33609,21.051788,21.442749,20.707733,21.822906,23.703003,19.11142
2016-08-09T23:00:00.0,23.278198,20.725403,21.523163,21.141754,21.033508,21.899841,21.496704,23.70581,20.279175
2016-08-10T00:00:00.0,22.643494,20.091278,21.140442,20.237762,21.380646,21.585358,21.975342,23.028442,20.845886
2016-08-10T01:00:00.0,22.664307,19.997437,21.331726,18.529205,21.440552,20.309906,20.933868,23.339294,20.790588
2016-08-10T02:00:00.0,21.323944,18.355896,20.31134,17.301971,19.219849,17.690765,19.691925,22.09729,19.507568
2016-08-10T03:00:00.0,21.199982,18.57837,20.075623,16.68982,19.085815,16.727356,19.289825,21.468048,17.903809
2016-08-10T04:00:00.0,21.350769,18.777222,20.29364,15.799164,19.637604,15.957947,19.871094,21.449524,16.540405
2016-08-10T05:00:00.0,20.72229,18.37793,19.735657,14.241638,19.57788,14.655457,20.098022,21.177673,15.402344
2016-08-10T06:00:00.0,19.727234,18.78891,19.483704,12.825958,19.28595,13.210876,19.28186,19.707428,13.846771
2016-08-10T07:00:00.0,16.77185,19.720734,17.832275,12.112274,19.53006,12.048462,19.007294,16.364716,12.168488
2016-08-10T08:00:00.0,16.868042,19.923798,18.399353,11.822693,19.548248,11.849121,18.45462,15.981812,12.056
2016-08-10T09:00:00.0,17.394043,19.950867,18.14096,11.530579,19.624054,11.673279,18.41391,16.467773,11.977203
2016-08-10T10:00:00.0,17.527924,19.505737,17.790863,11.341064,19.561554,11.831787,18.566498,17.259827,12.55481
2016-08-10T11:00:00.0,17.99112,19.983673,18.20346,12.773712,20.251434,13.266235,18.622162,17.553314,13.658112
2016-08-10T12:00:00.0,18.298065,21.385254,17.619965,12.473694,21.819214,13.317932,20.385956,18.349335,14.196106
2016-08-10T13:00:00.0,18.628479,22.781982,17.997742,13.299377,22.794891,13.619904,20.86856,18.100159,13.700317
2016-08-10T14:00:00.0,17.119476,20.647675,16.340973,12.518585,21.169434,12.988464,20.694977,17.374695,13.414612
2016-08-10T15:00:00.0,17.706635,21.01587,16.881348,13.500214,21.661377,13.798187,21.348175,18.175842,14.045166
2016-08-10T16:00:00.0,16.769806,19.151642,15.959839,12.507263,20.249847,12.918579,19.969269,17.6716,13.30249
2016-08-10T17:00:00.0,16.391174,18.507477,16.020966,12.114014,19.65503,11.996185,19.125092,16.854004,12.174133
2016-08-10T18:00:00.0,16.095612,17.98648,15.274475,10.966522,18.952362,11.003082,18.076355,16.509766,11.364716
2016-08-10T19:00:00.0,15.38324,17.363068,14.198914,9.820343,18.350403,10.146881,17.393677,16.11621,10.56665
2016-08-10T20:00:00.0,13.945923,16.05896,13.499329,9.0503845,16.89566,8.914124,15.259369,14.629608,9.05191
2016-08-10T21:00:00.0,13.3342285,15.338776,13.420441,8.179321,15.386108,8.160461,13.455292,13.549408,8.350555
2016-08-10T22:00:00.0,13.360504,15.988342,13.370056,8.31485,15.686432,8.357025,13.324402,13.607086,8.485901
2016-08-10T23:00:00.0,13.51535,16.341125,13.092194,8.180817,16.123901,8.2838745,13.783905,13.925293,8.476227
2016-08-11T00:00:00.0,13.281067,15.8013,12.945923,7.777588,15.935516,7.84729,13.786652,13.783936,7.9785767
2016-08-11T01:00:00.0,12.796783,15.478058,12.232788,7.414032,15.870789,7.74292,14.217834,13.669861,8.070129
2016-08-11T02:00:00.0,12.603821,15.858063,11.6918335,6.755829,16.061707,7.24115,14.309814,13.545197,7.654907
2016-08-11T03:00:00.0,12.05777,15.61673,11.374664,6.0300293,15.652649,6.533539,13.699646,13.048553,7.075531
2016-08-11T04:00:00.0,11.277222,15.000427,11.097412,5.4792175,14.987732,5.5569763,12.894165,12.056793,5.865387
2016-08-11T05:00:00.0,10.202698,14.063721,10.882996,4.9279785,13.424988,4.56192,11.567627,10.526855,4.7700806
2016-08-11T06:00:00.0,10.456207,13.569122,11.135437,4.9212036,13.105133,4.566223,11.540344,10.214111,4.6253967
2016-08-11T07:00:00.0,10.091858,12.244995,11.618439,4.535736,11.931671,3.572937,11.045197,9.391327,3.2288208
2016-08-11T08:00:00.0,10.2211,10.693756,10.913605,4.725006,10.731567,3.9769287,10.281494,9.786346,3.478363
2016-08-11T09:00:00.0,10.146027,9.817993,10.50058,4.9017944,10.14978,4.200775,9.84906,9.995758,3.848755
2016-08-11T10:00:00.0,13.269897,13.611755,13.986206,6.587494,13.498352,5.867859,12.621399,12.793823,5.6751404
2016-08-11T11:00:00.0,18.442352,21.532562,19.587524,10.259491,20.968628,9.303467,19.263763,17.859833,8.999786
2016-08-11T12:00:00.0,18.803467,23.078766,20.148834,12.046722,22.12323,11.167725,20.28189,18.75064,11.125244
2016-08-11T13:00:00.0,19.628387,23.384766,21.1492,13.79306,22.370117,12.781433,20.814758,18.880524,12.368774
2016-08-11T14:00:00.0,20.005554,23.271454,20.637207,12.995453,22.349396,12.006683,21.857178,19.627777,11.630096
2016-08-11T15:00:00.0,20.269989,22.301758,20.305817,12.826233,21.828766,11.819763,21.710999,19.859772,11.271759
2016-08-11T16:00:00.0,20.684662,22.350464,19.934052,11.599274,22.285126,10.929413,21.987518,20.556976,10.560211
2016-08-11T17:00:00.0,18.884735,20.963898,19.400543,11.670044,20.491455,10.541229,20.742584,18.619019,9.956848
2016-08-11T18:00:00.0,17.64859,20.853973,18.754517,11.06073,19.774872,9.691803,19.521149,17.133698,9.103882
2016-08-11T19:00:00.0,18.160187,21.213593,18.56195,11.356415,21.100403,10.273071,20.801147,17.906494,9.651215
2016-08-11T20:00:00.0,16.572968,21.203308,17.07605,10.24707,21.613068,9.329468,20.44809,16.397217,8.925446
2016-08-11T21:00:00.0,11.9340515,15.1814575,12.663696,6.1331787,14.382935,5.257538,14.641022,11.677368,5.03479
2016-08-11T22:00:00.0,10.225861,11.821503,10.959656,4.7597656,12.446289,3.9396057,12.608612,10.266876,3.9338074
2016-08-11T23:00:00.0,10.828003,12.508087,11.29715,5.094696,12.820648,4.510315,12.7612,10.807465,4.5462036
2016-08-12T00:00:00.0,11.180878,13.51712,11.958832,5.7105713,12.579376,5.287384,12.599182,11.436432,5.6078186
2016-08-12T01:00:00.0,11.530914,13.827698,12.073486,5.808197,12.693848,5.6964417,12.50647,11.150726,5.9552
2016-08-12T02:00:00.0,11.154999,12.846741,11.755737,5.635193,11.473419,5.167328,12.393524,11.2092285,5.572235
2016-08-12T03:00:00.0,11.767517,12.758881,12.338379,5.991577,11.709198,5.53714,12.587891,11.556122,5.867279
2016-08-12T04:00:00.0,12.353516,12.243164,12.826599,6.154022,12.482849,5.809784,12.711121,11.922882,6.0602417
2016-08-12T05:00:00.0,12.900482,11.989624,13.721344,6.9710083,12.468201,6.1355896,12.920593,12.228516,5.8031616
2016-08-12T06:00:00.0,13.435028,12.432404,14.143158,7.085022,12.8038025,6.496765,13.172638,12.771332,6.5254517
2016-08-12T07:00:00.0,12.743744,11.475311,13.09613,6.5133057,11.092346,5.873932,12.340393,12.389038,5.897644
2016-08-12T08:00:00.0,13.471893,11.940765,13.318573,6.9842224,12.388824,6.62854,12.979919,13.296417,6.7005615
2016-08-12T09:00:00.0,13.34317,11.661011,13.520813,7.567871,11.996796,7.1558228,12.995941,12.961029,7.075836
2016-08-12T10:00:00.0,15.265167,14.916687,15.825012,8.808319,15.595978,8.875183,15.719269,14.635468,9.106445
2016-08-12T11:00:00.0,18.707214,20.745148,19.424927,12.512329,20.57074,12.466888,19.657074,17.288177,12.402222
2016-08-12T12:00:00.0,19.761688,23.009186,21.36029,15.607574,22.081818,14.833252,21.32965,18.89679,14.49646
2016-08-12T13:00:00.0,20.29367,23.650574,21.54004,15.828125,22.876251,15.164307,22.580444,19.95514,15.119904
2016-08-12T14:00:00.0,19.75885,22.637268,20.682434,15.570587,22.052277,15.029694,21.934235,19.873383,15.321991
2016-08-12T15:00:00.0,21.24112,23.490387,21.494507,15.945679,23.37558,15.313843,23.224548,21.167938,15.250793
2016-08-12T16:00:00.0,20.898499,23.6958,21.365509,15.685516,23.423187,14.966614,23.384308,20.859436,15.067444
2016-08-12T17:00:00.0,21.553925,24.27716,22.178528,16.968903,23.806152,16.193207,22.890015,20.840546,15.833923
2016-08-12T18:00:00.0,21.536987,24.122986,21.379913,16.369568,24.224121,16.31491,23.594452,21.322723,16.399841
2016-08-12T19:00:00.0,20.741638,21.543396,20.524902,17.14032,21.461609,16.617676,21.31961,20.97229,16.569275
2016-08-12T20:00:00.0,19.311066,20.335571,19.511322,16.58258,20.938171,15.726715,21.102081,19.854462,15.675049
2016-08-12T21:00:00.0,17.895477,16.150421,17.425568,14.416595,16.645294,13.477417,17.124878,17.731018,12.788666
2016-08-12T22:00:00.0,15.7099,12.744995,14.90686,13.487518,14.026764,12.731873,14.203735,16.088745,12.029205
2016-08-12T23:00:00.0,15.514862,13.1414795,14.166321,14.121155,14.882568,13.77417,15.114929,16.657288,13.17807
2016-08-13T00:00:00.0,14.179169,13.502136,13.603973,14.534821,14.531128,14.354126,14.430664,15.779846,13.821014
2016-08-13T01:00:00.0,13.748016,13.53186,13.663757,15.494171,13.710144,15.295807,12.914917,15.436615,14.743866
2016-08-13T02:00:00.0,12.641327,12.765717,13.075897,15.482758,12.805603,15.4783325,12.640533,14.908661,15.416931
2016-08-13T03:00:00.0,12.77597,12.134796,13.534729,16.016205,12.203125,15.899353,11.719452,14.642578,15.865845
2016-08-13T04:00:00.0,12.417603,10.690735,13.135071,15.72998,11.57605,15.696472,11.982605,14.397736,15.961884
2016-08-13T05:00:00.0,12.030334,9.740662,12.116333,16.284271,11.065582,16.19339,11.443695,14.270569,16.337585
2016-08-13T06:00:00.0,11.1770935,9.253052,11.288666,16.480438,10.506836,16.283478,11.567505,13.732513,16.491882
2016-08-13T07:00:00.0,13.050049,11.406067,12.309631,16.28711,12.982727,15.948578,13.332672,15.415039,16.727722
2016-08-13T08:00:00.0,11.954956,10.975952,11.147308,15.343689,12.531677,15.091156,13.023102,15.039703,16.131805
2016-08-13T09:00:00.0,12.769409,11.455292,11.888062,14.910492,12.386261,14.714325,12.249329,15.164581,15.761719
2016-08-13T10:00:00.0,15.175354,12.541321,14.579193,16.179626,13.766663,16.506378,14.274139,17.17099,17.901306
2016-08-13T11:00:00.0,22.368988,19.601746,21.486572,21.025574,20.447723,21.581696,21.478607,23.548584,22.845306
2016-08-13T12:00:00.0,25.374664,23.60376,25.159424,23.165894,24.37323,23.567474,24.961823,25.579437,24.457977
2016-08-13T13:00:00.0,26.666718,25.534485,25.115448,23.66336,26.956726,25.015472,27.078217,27.028687,25.812225
2016-08-13T14:00:00.0,27.001434,25.85373,25.899658,23.697174,27.304016,24.92035,27.83194,27.051666,25.55893
2016-08-13T15:00:00.0,29.169647,28.124573,28.559418,24.413391,28.990295,24.721893,28.835571,28.776642,24.674408
2016-08-13T16:00:00.0,30.597076,29.617126,30.11615,22.041565,30.272308,22.340363,30.026062,30.029388,23.00064
2016-08-13T17:00:00.0,30.452942,30.224457,30.68399,19.6221,30.202057,19.674072,29.380219,29.230011,20.30774
2016-08-13T18:00:00.0,29.680054,30.403046,30.336823,18.69748,29.635498,18.614197,27.922058,27.843231,18.940704
2016-08-13T19:00:00.0,26.923126,29.249268,28.26123,18.476349,28.096527,18.205475,26.820892,24.924377,18.230804
2016-08-13T20:00:00.0,23.018768,26.430573,25.164886,16.552887,25.487274,16.044495,24.937134,21.406128,16.022644
2016-08-13T21:00:00.0,16.758331,17.252625,18.873444,11.880615,17.941223,11.270355,18.246246,15.66626,11.289185
2016-08-13T22:00:00.0,14.40332,13.660645,16.199585,10.107147,13.992676,9.611298,14.526184,13.5278015,9.750153
2016-08-13T23:00:00.0,14.446381,14.60202,15.503052,10.274231,13.994263,9.848816,13.679413,13.72702,9.951782
2016-08-14T00:00:00.0,14.519592,15.403107,14.730286,10.554047,14.9653015,10.111206,13.445496,14.304352,10.114563
2016-08-14T01:00:00.0,14.532257,15.02002,14.177338,10.852081,14.888641,10.366455,13.370605,14.914978,10.26944
2016-08-14T02:00:00.0,14.119873,11.450989,13.522491,11.058655,12.845306,10.564667,13.304382,15.1336975,10.42276
2016-08-14T03:00:00.0,13.345123,11.50885,13.455566,11.190674,12.481873,10.739532,12.587921,14.7265625,10.592316
2016-08-14T04:00:00.0,13.444031,11.373077,13.178162,11.446075,11.905731,11.072815,11.514435,14.52829,10.829254
2016-08-14T05:00:00.0,13.720367,10.590851,12.059418,11.568451,11.09317,11.39621,10.688416,15.268097,11.213348
2016-08-14T06:00:00.0,13.44696,9.827484,11.238281,11.682068,10.322662,11.810425,9.991089,15.42334,11.724152
2016-08-14T07:00:00.0,13.283997,9.139709,10.97052,12.10257,9.572968,12.313507,9.452179,15.30838,12.319061
2016-08-14T08:00:00.0,13.234589,8.60199,10.7300415,12.01239,9.0408325,12.593292,9.049377,15.352203,12.963135
2016-08-14T09:00:00.0,13.078247,8.305084,10.462402,11.770447,8.789917,12.754272,8.846344,15.371246,13.612366
2016-08-14T10:00:00.0,16.005554,11.050537,13.705872,13.786224,11.715881,15.111725,12.120087,18.265533,16.534485
2016-08-14T11:00:00.0,23.437286,19.489532,20.927948,18.655151,20.341705,20.056824,20.818817,25.241547,21.644958
2016-08-14T12:00:00.0,27.47995,25.046936,25.637573,21.169434,26.110626,22.490509,27.303894,28.75943,23.944275
2016-08-14T13:00:00.0,29.674835,28.05655,28.484924,22.976532,29.165802,24.053467,30.38742,30.441803,25.14209
2016-08-14T14:00:00.0,31.28595,30.360962,30.35022,25.101013,31.14508,25.65628,32.10309,31.625702,25.97284
2016-08-14T15:00:00.0,32.970062,32.20877,31.81903,26.708862,32.634094,26.672882,33.30655,32.858032,26.374603
2016-08-14T16:00:00.0,34.526093,33.344208,32.955475,27.153076,33.479095,26.39508,34.01129,34.07016,25.873291
2016-08-14T17:00:00.0,35.66681,34.46112,34.777954,25.69284,34.242462,25.00708,34.199432,34.840332,24.886017
2016-08-14T18:00:00.0,35.67746,34.48752,34.687653,24.44809,34.33853,23.934296,33.973267,34.630646,23.940796
2016-08-14T19:00:00.0,33.460175,33.404663,32.321716,23.599762,33.078003,23.271484,32.522736,32.2482,23.326263
2016-08-14T20:00:00.0,29.925507,29.42395,29.339447,21.690063,29.487976,21.307953,29.480652,28.83197,21.175598
2016-08-14T21:00:00.0,22.735779,21.813324,21.526978,17.49585,21.598694,16.901154,20.921753,22.548157,16.59613
2016-08-14T22:00:00.0,19.72647,19.9935,18.722076,16.231964,19.592163,15.294495,17.87268,19.76358,15.105164
2016-08-14T23:00:00.0,19.630737,19.205475,19.553741,17.100372,19.070404,15.530334,17.399078,19.161377,15.193848
2016-08-15T00:00:00.0,18.598846,18.625122,19.315918,17.809387,18.430054,15.832581,16.930176,18.226013,15.142029
2016-08-15T01:00:00.0,18.340515,17.25058,18.985474,18.292206,16.211395,16.303802,16.214996,17.661835,15.32666
2016-08-15T02:00:00.0,18.640228,14.463593,17.96399,18.57013,15.057861,16.783234,15.042816,17.391602,15.585358
2016-08-15T03:00:00.0,17.976532,14.511963,16.512085,18.078674,14.509979,17.03656,14.0177,17.559204,16.02002
2016-08-15T04:00:00.0,17.564636,13.7247925,15.594055,17.406769,13.8992,17.024445,13.421082,18.37497,16.328217
2016-08-15T05:00:00.0,16.961853,13.054352,14.637909,17.00293,13.341156,16.927765,12.825409,18.330048,16.515656
2016-08-15T06:00:00.0,16.187347,12.387695,13.971436,16.362091,12.755554,16.400818,12.260742,18.167816,16.255615
2016-08-15T07:00:00.0,15.44455,11.481537,13.734802,16.533081,12.002411,16.45459,11.753754,17.41745,16.529663
2016-08-15T08:00:00.0,15.222534,11.096649,13.553741,16.110687,11.692139,16.488525,11.519043,17.251404,17.215118
2016-08-15T09:00:00.0,15.1484375,11.13324,13.397614,15.244568,11.6892395,15.944702,11.389618,17.11319,17.232422
2016-08-15T10:00:00.0,17.930481,13.943695,16.123901,16.769348,14.512665,17.668274,14.362518,19.803925,19.323334
2016-08-15T11:00:00.0,25.346527,21.931488,23.192566,20.792969,22.365845,21.969025,22.219421,26.968597,23.548615
2016-08-15T12:00:00.0,29.711853,27.312988,28.336151,22.83786,28.052216,23.887817,28.673859,30.269958,25.124908
2016-08-15T13:00:00.0,32.13156,30.340393,30.967316,24.444275,31.269257,25.144623,32.14865,32.595276,25.907104
2016-08-15T14:00:00.0,33.45175,32.386017,32.332733,25.321259,33.147522,25.785614,34.027954,33.619537,26.23413
2016-08-15T15:00:00.0,34.76007,33.363342,33.48825,25.988464,34.18991,26.061493,35.400604,34.590393,26.178131
2016-08-15T16:00:00.0,35.81479,34.17508,34.57364,26.842194,34.47757,26.628204,35.973877,35.434296,26.149109
2016-08-15T17:00:00.0,36.64804,35.089386,35.550995,27.74179,34.74295,27.0596,36.04892,35.976654,26.206116
2016-08-15T18:00:00.0,36.838623,35.79718,35.338287,28.001068,35.119263,27.091217,35.95175,36.03656,26.26712
2016-08-15T19:00:00.0,37.29181,35.813293,35.699677,23.261261,36.156433,26.364014,36.31534,36.433075,26.738586
2016-08-15T20:00:00.0,31.594177,30.511139,25.455475,17.213165,32.89792,20.091278,34.065735,33.96631,24.230408
2016-08-15T21:00:00.0,20.349121,22.4628,19.43103,14.122131,24.15747,14.348236,26.502655,22.985474,15.536377
2016-08-15T22:00:00.0,16.437439,20.246613,16.110352,11.281982,20.545654,12.313873,21.417938,16.807617,13.16745
2016-08-15T23:00:00.0,15.582336,19.055786,16.194672,10.951233,18.441772,10.855103,17.959839,15.372314,11.546082
2016-08-16T00:00:00.0,16.8143,19.299896,18.440216,12.169891,17.791443,11.603088,16.243622,15.50473,11.370422
2016-08-16T01:00:00.0,17.665619,19.24942,19.561981,13.313141,18.86029,12.490387,17.810211,16.385986,12.350739
2016-08-16T02:00:00.0,19.670044,19.167389,20.194183,15.755188,19.429474,13.954712,19.568085,19.082916,13.513397
2016-08-16T03:00:00.0,19.819366,18.301025,18.535034,15.0815735,18.578857,14.389526,18.745361,19.757355,13.738586
2016-08-16T04:00:00.0,18.537903,16.604156,17.388672,16.809265,17.05487,16.323486,17.484283,19.37918,15.393341
2016-08-16T05:00:00.0,19.79953,16.034271,18.851013,19.551086,16.350464,20.446747,16.528137,20.022614,19.462738
2016-08-16T06:00:00.0,18.40033,17.059082,19.449066,18.099731,16.995087,19.720093,17.1167,18.09909,19.548798
2016-08-16T07:00:00.0,18.63086,17.23175,17.90149,19.941132,17.394714,19.440735,17.949219,18.675415,18.618011
2016-08-16T08:00:00.0,17.174622,16.308746,16.253479,17.939117,16.744171,16.801178,17.420105,18.739777,17.332611
2016-08-16T09:00:00.0,17.94281,15.695923,16.608795,17.387665,16.264435,16.556152,16.722107,19.30539,17.5466
2016-08-16T10:00:00.0,19.13855,16.344116,18.271027,18.1969,16.817657,17.573975,17.48227,20.138824,18.684631
2016-08-16T11:00:00.0,26.540009,24.73233,25.205444,23.082184,25.234497,23.078796,25.317108,26.905426,23.869568
2016-08-16T12:00:00.0,30.757751,29.798553,29.961395,26.716858,30.367065,26.890137,30.915466,30.558899,26.961609
2016-08-16T13:00:00.0,33.422882,32.316254,32.139984,28.941711,32.78189,28.578583,33.046967,32.82077,27.612732
2016-08-16T14:00:00.0,35.121002,34.021057,34.049927,29.02475,34.14444,28.03949,34.02997,34.35721,27.158203
2016-08-16T15:00:00.0,36.053192,34.99341,34.824127,27.31482,34.815186,26.352417,34.261017,35.264526,26.312775
2016-08-16T16:00:00.0,35.89737,34.873627,34.229584,25.861877,34.624176,24.828888,34.145966,35.371735,25.2695
2016-08-16T17:00:00.0,34.75525,33.66693,33.329865,24.74762,33.77005,24.049774,33.790802,34.491608,24.758667
2016-08-16T18:00:00.0,34.02658,32.867462,32.579132,24.91623,32.71875,24.222992,33.09369,33.607056,25.159302
2016-08-16T19:00:00.0,29.80719,29.32724,28.713348,22.234436,30.474335,22.029236,31.467926,30.167572,23.03363
2016-08-16T20:00:00.0,26.911194,26.83191,26.107544,21.93753,28.333374,21.27713,29.008759,27.14032,22.046692
2016-08-16T21:00:00.0,23.954224,23.254303,23.753052,21.18457,23.522766,20.34732,23.538055,23.6622,19.695374
2016-08-16T22:00:00.0,23.137604,22.061737,22.587646,20.043488,22.40918,19.676758,22.668182,22.885376,18.95755
2016-08-16T23:00:00.0,21.633118,20.720947,21.342041,18.37674,21.263092,18.18341,21.601562,21.626007,17.792145
2016-08-17T00:00:00.0,21.128876,20.35144,20.825256,18.10849,20.26294,17.095978,20.233185,20.077606,16.175293
2016-08-17T01:00:00.0,20.18509,19.053131,19.415466,17.447968,19.843933,16.34848,19.114319,19.971191,15.323425
2016-08-17T02:00:00.0,19.621735,19.124329,18.806244,16.713654,19.877136,16.224396,18.740936,19.865143,15.693146
2016-08-17T03:00:00.0,19.106415,18.604431,18.664337,16.3638,18.53183,15.917969,17.533936,19.188202,15.509766
2016-08-17T04:00:00.0,19.040466,17.899048,18.630127,16.20404,17.888275,15.601959,17.53415,19.328644,15.187134
2016-08-17T05:00:00.0,18.940002,17.007019,18.65158,16.498016,17.50061,15.921112,17.550934,19.340302,15.335114
2016-08-17T06:00:00.0,18.504303,17.01886,18.029541,16.38379,17.611176,15.869995,17.598969,19.260132,15.230103
2016-08-17T07:00:00.0,16.720123,15.655762,16.202118,15.401855,16.06903,14.915955,16.0802,17.95111,14.398895
2016-08-17T08:00:00.0,16.69284,15.690521,16.093323,15.02182,16.25061,14.551056,15.854767,17.776794,14.079559
2016-08-17T09:00:00.0,16.598114,14.955688,16.061523,14.795502,15.517853,14.299164,15.131073,17.044312,13.864807
2016-08-17T10:00:00.0,20.484161,17.016113,19.233398,17.164246,17.82666,16.929413,17.88617,20.678436,16.575684
2016-08-17T11:00:00.0,27.166382,24.197021,25.655853,21.777954,24.90509,21.918304,25.299683,27.390564,21.550568
2016-08-17T12:00:00.0,30.70993,28.194885,29.496338,24.455261,29.320984,24.902496,30.20877,30.912659,24.55487
2016-08-17T13:00:00.0,32.496735,30.432587,31.126282,25.98648,31.737976,26.493103,32.664307,32.860077,26.276306
2016-08-17T14:00:00.0,33.80191,31.472626,32.163757,27.219727,32.858826,27.37973,34.188293,34.209595,27.198547
2016-08-17T15:00:00.0,34.97763,32.764893,33.454468,28.814056,33.523376,28.017578,34.95285,35.04654,27.147827
2016-08-17T16:00:00.0,36.363464,34.388092,34.67035,29.589905,34.3013,28.227966,35.535675,35.883972,27.215515
2016-08-17T17:00:00.0,37.723114,35.29132,36.508392,27.77414,34.781494,27.235352,35.663208,36.872864,27.283722
2016-08-17T18:00:00.0,38.12503,36.28128,37.011597,26.41449,36.000885,26.296844,36.047302,37.377197,26.60144
2016-08-17T19:00:00.0,37.43103,36.279022,35.02942,24.861511,36.231384,25.374847,35.938446,36.668823,25.52826
2016-08-17T20:00:00.0,33.868195,33.246643,31.92456,23.082092,33.549866,23.509705,32.691345,33.09189,23.867462
2016-08-17T21:00:00.0,26.908691,25.914062,25.61267,19.256866,27.171722,19.120575,25.619598,26.64392,19.427673
2016-08-17T22:00:00.0,23.871033,23.987274,22.5336,18.593445,24.125671,17.625214,22.729248,24.073578,17.789185
2016-08-17T23:00:00.0,23.688232,23.40799,22.707611,19.940155,23.059723,18.40567,21.717194,23.559082,17.94992
2016-08-18T00:00:00.0,23.444122,22.628113,22.933899,20.234558,21.98294,19.504242,21.62146,22.942688,18.626007
2016-08-18T01:00:00.0,23.895996,21.767975,23.239258,19.587463,20.27774,19.478882,20.552124,23.071411,19.105072
2016-08-18T02:00:00.0,22.45111,19.71872,21.621857,19.298248,19.655914,19.049927,19.497253,22.910858,19.023407
2016-08-18T03:00:00.0,21.268951,18.966034,20.70517,19.169342,18.865906,18.793793,18.806488,22.56369,18.99878
2016-08-18T04:00:00.0,20.59311,18.015045,20.17044,19.28357,18.071259,18.760406,18.17099,21.954498,18.979431
2016-08-18T05:00:00.0,19.731293,17.144073,19.293549,19.387573,17.467834,18.971771,17.706238,21.264923,19.24414
2016-08-18T06:00:00.0,19.17752,16.661316,18.667847,19.325409,17.381958,19.389832,17.804962,21.226929,19.861938
2016-08-18T07:00:00.0,21.042145,20.45105,20.68454,19.033936,20.031464,18.359924,20.439758,21.295929,17.89264
2016-08-18T08:00:00.0,22.111176,20.851105,21.816559,19.82492,20.414612,19.14389,20.57074,22.04831,18.51889
2016-08-18T09:00:00.0,21.496857,19.778168,21.755829,20.189392,19.933502,19.630096,19.951233,21.28897,19.142944
2016-08-18T10:00:00.0,23.98883,22.582062,23.826416,22.023804,23.051178,21.59549,23.550323,24.025513,21.243256
2016-08-18T11:00:00.0,29.615814,28.913788,29.284119,25.720306,29.2482,25.453247,29.651703,29.57138,24.97351
2016-08-18T12:00:00.0,31.813782,30.884003,31.092834,26.378143,31.284668,26.412537,31.597595,31.715271,26.144257
2016-08-18T13:00:00.0,32.96289,32.0159,31.829865,26.221405,32.348145,26.068756,32.59546,32.943665,26.139404
2016-08-18T14:00:00.0,33.42993,32.36859,31.849335,25.021576,32.823456,24.718811,33.370026,33.54117,24.946747
2016-08-18T15:00:00.0,33.39215,32.48578,31.710083,24.092834,32.639282,23.559967,32.968903,33.281525,23.624146
2016-08-18T16:00:00.0,33.53708,33.10141,31.482239,23.562988,33.13739,23.055756,32.655,33.165558,23.069092
2016-08-18T17:00:00.0,31.35492,31.725708,29.446472,23.376282,31.872437,22.666748,31.559387,31.24936,22.819733
2016-08-18T18:00:00.0,27.737396,27.937286,26.98053,23.528229,28.468964,22.459412,29.701172,27.906494,22.611084
2016-08-18T19:00:00.0,25.506042,24.584808,25.177795,22.930756,26.283539,21.924072,28.188934,26.480316,22.095093
2016-08-18T20:00:00.0,22.10794,21.76007,22.599121,21.590485,23.291046,19.884308,25.5755,23.166412,19.614288
2016-08-18T21:00:00.0,20.331146,20.686676,20.507477,18.8042,21.958618,17.46167,22.723572,21.391357,17.156738
2016-08-18T22:00:00.0,20.273743,20.232452,20.345734,17.935333,21.284302,16.529999,21.764679,21.136566,16.087952
2016-08-18T23:00:00.0,20.041351,20.086395,20.636719,17.397156,20.923035,15.845795,21.588196,20.750702,15.397522
2016-08-19T00:00:00.0,20.828613,19.961395,20.753754,16.7182,20.86316,15.894745,21.654572,20.447662,15.461182
2016-08-19T01:00:00.0,20.5542,20.466766,21.07071,16.087463,21.085266,15.496704,21.776093,19.640106,15.088409
2016-08-19T02:00:00.0,20.506348,20.828644,21.374695,16.065369,21.194641,15.423553,21.636627,19.340118,14.926117
2016-08-19T03:00:00.0,20.333221,20.711151,21.241608,15.60965,20.789886,15.251953,21.220184,19.208527,15.015503
2016-08-19T04:00:00.0,19.739685,20.801605,20.931213,15.257721,20.719604,14.847351,21.022858,18.982391,14.754822
2016-08-19T05:00:00.0,19.774597,20.766815,20.913147,15.146637,20.623627,14.82962,20.656494,19.145325,14.914734
2016-08-19T06:00:00.0,19.773682,20.822723,20.566406,15.181152,20.763031,14.956482,20.725159,19.197327,14.972839
2016-08-19T07:00:00.0,19.671753,20.498413,19.965332,14.656128,20.72461,14.565826,20.96463,19.511108,14.6698
2016-08-19T08:00:00.0,19.244202,20.64853,20.158203,14.80304,20.637817,14.624634,20.753357,18.993164,14.7048645
2016-08-19T09:00:00.0,19.578705,20.803894,20.396912,15.020477,20.820251,14.820709,20.814941,19.215118,14.812988
2016-08-19T10:00:00.0,20.1073,21.105988,20.502655,15.46579,21.476166,15.387573,21.422668,19.791016,15.480469
2016-08-19T11:00:00.0,21.049774,21.966644,21.236176,16.558899,22.723724,16.597229,22.96344,20.984833,16.889923
2016-08-19T12:00:00.0,24.296295,25.434998,24.010681,19.778748,26.98822,19.623322,27.118103,24.175354,19.60614
2016-08-19T13:00:00.0,27.25122,28.88678,27.149445,21.988403,29.734253,21.510101,29.37741,26.311066,20.790375
2016-08-19T14:00:00.0,29.769928,30.122803,30.090729,22.946869,31.178131,22.415741,30.886261,28.305786,21.755524
2016-08-19T15:00:00.0,29.890411,30.678558,31.153778,21.874207,31.41446,21.175629,31.672058,28.07788,20.678833
2016-08-19T16:00:00.0,30.04007,31.69455,30.914185,20.214478,31.687988,20.055023,30.744965,27.799316,20.036163
2016-08-19T17:00:00.0,29.545837,32.294037,30.438904,19.774689,31.969269,19.720703,30.887299,27.45697,19.66864
2016-08-19T18:00:00.0,28.114166,31.587921,28.820282,19.115753,30.746399,19.483765,30.42575,26.881653,19.904083
2016-08-19T19:00:00.0,28.011108,31.483917,29.044891,19.58609,31.157715,19.582977,30.755219,26.67511,19.658386
2016-08-19T20:00:00.0,25.579742,29.655273,27.030792,18.484375,29.698822,18.334656,29.54184,24.416382,18.374115
2016-08-19T21:00:00.0,21.520264,23.585846,23.550842,15.182983,23.891754,14.796936,24.044952,19.62851,14.729675
2016-08-19T22:00:00.0,19.958374,20.454712,21.29187,14.213867,20.814575,13.757538,21.564972,18.147095,13.585297
2016-08-19T23:00:00.0,20.009094,19.795563,20.756042,14.413116,20.06784,13.897888,20.504944,18.331604,13.64624
2016-08-20T00:00:00.0,20.049957,19.051544,20.421509,14.518677,19.06076,14.026794,20.092255,18.690826,13.797882
2016-08-20T01:00:00.0,20.181183,18.888977,20.125,14.795441,19.368073,14.283112,19.641571,19.094604,14.007507
2016-08-20T02:00:00.0,20.066711,18.34552,19.222137,15.283234,19.097748,14.697052,19.055359,19.436249,14.210114
2016-08-20T03:00:00.0,19.508484,17.399231,18.210602,15.608673,18.263184,14.897186,18.292816,19.311798,14.225189
2016-08-20T04:00:00.0,19.312775,16.845032,17.911041,15.829681,17.69754,15.057159,17.630615,19.308441,14.326263
2016-08-20T05:00:00.0,19.266815,16.48288,17.857788,16.007965,17.27649,15.342743,17.33191,19.435455,14.605621
2016-08-20T06:00:00.0,18.891205,16.111542,17.537445,15.951111,16.768616,15.3897705,16.598114,19.071442,14.625153
2016-08-20T07:00:00.0,19.00711,16.378296,17.693665,15.912689,17.14389,15.573975,17.003632,19.463654,14.92038
2016-08-20T08:00:00.0,18.603302,16.28003,17.453033,16.056793,17.015839,15.638428,16.581451,19.12146,14.905792
2016-08-20T09:00:00.0,18.406097,16.145325,17.906982,16.420105,16.914185,16.25824,16.501709,18.92221,15.339905
2016-08-20T10:00:00.0,22.90036,19.002258,21.53183,19.26596,19.857971,20.443085,19.670319,22.881287,19.413269
2016-08-20T11:00:00.0,28.687622,24.845337,28.395416,21.87622,26.27356,25.065613,26.555542,28.887085,25.697937
2016-08-20T12:00:00.0,31.59488,26.716064,30.693542,22.089691,29.035187,24.21054,30.256592,31.95987,27.677399
2016-08-20T13:00:00.0,32.89691,28.966583,32.190582,21.473633,30.557434,22.315338,32.83075,32.90381,26.892334
2016-08-20T14:00:00.0,35.112396,31.51297,33.908447,21.858093,32.371307,22.357452,33.881195,34.511047,25.320679
2016-08-20T15:00:00.0,36.63385,33.85971,34.89435,22.178864,34.23639,22.48285,35.195923,35.623657,24.215485
2016-08-20T16:00:00.0,36.91794,35.337494,34.542175,21.960236,35.505463,22.542084,35.943726,35.77484,24.145569
2016-08-20T17:00:00.0,35.681976,36.219604,33.504333,22.422821,36.156647,23.02774,36.562347,34.529724,25.190796
2016-08-20T18:00:00.0,31.549438,36.23889,31.316467,25.54776,35.804382,24.886871,35.32196,30.747192,26.08435
2016-08-20T19:00:00.0,26.14508,28.055176,26.28775,21.724396,28.054047,20.902344,27.986664,26.024475,21.065033
2016-08-20T20:00:00.0,24.141327,25.560425,24.169281,23.506622,25.967865,22.545929,25.924988,24.88266,22.378998
2016-08-20T21:00:00.0,21.978638,23.358307,22.466888,21.941101,23.683716,21.681122,23.976196,22.418488,21.448578
2016-08-20T22:00:00.0,20.774933,22.251892,21.663635,19.20816,22.487488,18.717987,23.047272,21.132538,18.51825
2016-08-20T23:00:00.0,20.880768,22.132782,21.576477,17.999176,22.376984,17.385895,22.321259,20.950409,17.25589
2016-08-21T00:00:00.0,21.703156,22.242065,22.055511,19.199951,22.226349,18.963287,22.012909,21.714874,18.478912
2016-08-21T01:00:00.0,22.03415,22.131805,22.307526,19.909851,22.447174,20.520996,22.115265,22.067871,20.054504
2016-08-21T02:00:00.0,21.994568,21.801636,21.761261,20.403809,21.521057,21.0383,20.541656,22.077576,21.114899
2016-08-21T03:00:00.0,22.32489,21.307465,22.108398,20.74524,20.842987,21.923126,20.814392,22.050415,22.041931
2016-08-21T04:00:00.0,22.287598,20.76767,21.585236,20.018555,21.046906,21.049591,20.844696,22.054688,21.334381
2016-08-21T05:00:00.0,22.009003,20.478363,21.488983,19.185364,20.657928,19.834076,20.437317,22.020142,20.277588
2016-08-21T06:00:00.0,21.771393,19.75827,21.393188,18.782593,20.145508,19.099274,20.108063,22.181488,19.664276
2016-08-21T07:00:00.0,22.015259,19.628662,21.540283,22.382843,20.178009,21.4599,20.58078,22.394318,21.485931
2016-08-21T08:00:00.0,21.433838,19.76648,21.833588,20.754242,19.767853,22.154053,20.008148,21.934265,22.919067
2016-08-21T09:00:00.0,21.033173,20.29242,21.954865,18.951141,20.115631,18.932526,19.941803,21.450287,19.580048
2016-08-21T10:00:00.0,21.925049,20.723541,22.660858,21.34076,20.815247,20.575562,20.875122,21.873505,20.256378
2016-08-21T11:00:00.0,25.124237,23.388885,25.234558,23.76941,24.378998,24.714325,25.285522,25.055573,24.457794
2016-08-21T12:00:00.0,27.15564,25.768341,25.592712,21.960785,27.938812,23.927277,29.394989,28.046234,25.525574
2016-08-21T13:00:00.0,27.494904,26.84018,26.20285,20.975708,28.780304,22.622986,30.930695,29.111145,24.565308
2016-08-21T14:00:00.0,27.684082,28.043823,26.568512,19.954742,29.683105,20.518219,31.952423,29.77597,23.189026
2016-08-21T15:00:00.0,26.566711,27.81372,24.9628,19.124573,29.928497,19.940369,32.256195,28.913086,22.311218
2016-08-21T16:00:00.0,26.436829,27.123993,26.224762,20.85675,29.466797,19.780823,31.640625,27.974213,20.16983
2016-08-21T17:00:00.0,27.367828,27.797516,22.848816,9.575134,30.13501,16.361816,32.0484,29.148926,20.587921
2016-08-21T18:00:00.0,15.568848,23.089752,13.949646,7.032593,25.434723,6.806427,28.668182,19.368958,8.2864685
2016-08-21T19:00:00.0,13.713379,21.351013,12.740234,6.8910217,23.127777,7.0971985,26.322327,17.232666,9.837952
2016-08-21T20:00:00.0,11.100342,16.514252,11.806976,5.7351685,16.545013,6.5335693,17.008972,11.441956,7.274536
2016-08-21T21:00:00.0,9.90329,14.152954,10.220703,4.0405884,14.7526245,4.960144,13.279755,10.558655,6.391571
2016-08-21T22:00:00.0,9.08667,13.143188,9.144379,3.2119446,12.904938,3.8163452,11.67923,10.092834,5.245941
2016-08-21T23:00:00.0,8.718262,13.288269,8.624847,1.9990234,13.425903,2.1161804,11.476227,9.686401,3.2485657
2016-08-22T00:00:00.0,8.492737,12.039276,8.406067,2.2333374,12.356506,2.1800537,10.983185,9.357056,2.7711182
2016-08-22T01:00:00.0,8.548798,11.888702,8.543976,1.614563,12.294159,1.12854,10.936768,9.252533,1.3303223
2016-08-22T02:00:00.0,8.555725,11.1345825,8.090973,0.9313965,11.728577,1.5683899,11.198578,9.93634,2.5439453
2016-08-22T03:00:00.0,7.206848,10.534943,6.9552,1.0206299,10.717804,1.5665894,9.868927,8.497711,2.4155579
2016-08-22T04:00:00.0,6.9434814,10.047363,6.8851624,1.56781,9.358917,2.1950378,8.732117,8.12915,3.0239868
2016-08-22T05:00:00.0,6.84552,10.700684,6.3700256,2.1373901,9.570648,2.8115845,8.636871,8.2690735,3.5890198
2016-08-22T06:00:00.0,7.1727295,10.658997,6.6998596,3.0811462,9.56662,3.6856995,8.648376,8.777252,4.375244
2016-08-22T07:00:00.0,9.155151,11.401428,8.343231,4.434143,10.679504,5.3676453,9.506439,10.527679,6.366089
2016-08-22T08:00:00.0,8.527374,11.798523,7.740387,5.0741577,11.5355835,5.628479,10.178131,10.381165,6.495392
2016-08-22T09:00:00.0,10.328278,11.690552,10.383728,6.9150696,11.12146,7.0239563,10.000244,11.071899,7.197052
2016-08-22T10:00:00.0,13.0877075,12.844299,12.715576,8.489258,12.793518,9.147522,12.922516,13.980682,9.613586
2016-08-22T11:00:00.0,16.59845,16.456696,16.032684,11.479218,16.368988,12.054077,15.879883,17.196045,12.35495
2016-08-22T12:00:00.0,18.595367,20.551727,18.196625,13.415009,20.458862,13.539276,19.540405,18.906738,13.634705
2016-08-22T13:00:00.0,17.410004,20.140533,17.707245,13.761658,19.838898,13.300507,19.762878,17.896057,13.230011
2016-08-22T14:00:00.0,17.136871,18.968048,16.687622,12.185791,19.52533,12.597534,20.113037,17.9841,13.04715
2016-08-22T15:00:00.0,17.953522,18.940308,17.951843,14.223877,19.750061,13.63681,20.275421,18.349854,13.312988
2016-08-22T16:00:00.0,17.602142,18.753754,17.638763,14.248871,19.382874,13.656769,19.910675,18.053314,13.500885
2016-08-22T17:00:00.0,18.831726,19.882141,18.987732,15.12796,20.721832,14.497559,20.964691,18.992615,14.143555
2016-08-22T18:00:00.0,18.1745,19.363342,18.278656,14.4088745,20.008362,13.903809,19.699127,17.96817,13.482056
2016-08-22T19:00:00.0,16.556488,16.850006,16.590515,14.416046,17.80191,13.97818,17.577026,16.573425,13.596832
2016-08-22T20:00:00.0,16.486053,16.77298,16.354706,13.624359,17.37326,13.062103,17.515808,16.910614,12.911133
2016-08-22T21:00:00.0,16.814667,15.753693,15.6197815,12.378418,16.651825,12.0555725,16.351288,17.431915,11.770416
2016-08-22T22:00:00.0,16.429382,14.991852,15.521515,12.332489,15.686157,12.118835,15.259888,16.68573,11.625916
2016-08-22T23:00:00.0,16.21048,14.653961,15.503601,13.678192,15.348511,13.63443,15.083008,16.252563,13.023163
