time (UTC),"UTCI (52.25˚N, 4.75˚E)","UTCI (52.5˚N, 4.5˚E)","UTCI (52.25˚N, 4.5˚E)","UTCI (52.0˚N, 4.5˚E)","UTCI (52.5˚N, 4.75˚E)","UTCI (52.0˚N, 4.75˚E)","UTCI (52.5˚N, 5.0˚E)","UTCI (52.25˚N, 5.0˚E)","UTCI (52.0˚N, 5.0˚E)"
2016-07-01T00:00:00.0,5.7867737,3.2342224,4.7152405,4.7152405,5.187805,5.7867737,6.127777,6.5295105,6.5295105
2016-07-01T01:00:00.0,4.692047,1.6612244,3.731964,3.731964,3.6183167,4.692047,4.699463,5.3025513,5.3025513
2016-07-01T02:00:00.0,3.920227,1.0617981,3.3051147,3.3051147,2.6793213,3.920227,3.5633545,4.3315125,4.3315125
2016-07-01T03:00:00.0,4.9314575,2.076416,4.373749,4.373749,3.3408813,4.9314575,3.83609,5.148987,5.148987
2016-07-01T04:00:00.0,5.8877563,2.136322,5.0226135,5.0226135,3.9837036,5.8877563,4.963135,6.49411,6.49411
2016-07-01T05:00:00.0,6.5295715,2.5976562,5.4856567,5.4856567,4.5895996,6.5295715,5.618103,7.1721497,7.1721497
2016-07-01T06:00:00.0,7.557617,3.5400085,6.3089905,6.3089905,5.641876,7.557617,6.7037964,8.4747925,8.4747925
2016-07-01T07:00:00.0,9.83606,5.4371033,9.314606,9.314606,7.483917,9.83606,8.641388,10.210724,10.210724
2016-07-01T08:00:00.0,10.95929,5.820862,9.700256,9.700256,8.818176,10.95929,10.054779,11.454071,11.454071
2016-07-01T09:00:00.0,12.37323,7.7610474,12.217529,12.217529,10.3750305,12.37323,11.131592,12.372742,12.372742
2016-07-01T10:00:00.0,14.33786,9.057312,13.02597,13.02597,12.742371,14.33786,14.4991455,15.098816,15.098816
2016-07-01T11:00:00.0,14.841248,10.105713,14.472717,14.472717,13.465515,14.841248,14.845642,15.005463,15.005463
2016-07-01T12:00:00.0,16.887085,11.188446,16.486755,16.486755,15.153076,16.887085,16.67688,16.888702,16.888702
2016-07-01T13:00:00.0,14.737946,10.485779,14.404572,14.404572,13.364746,14.737946,14.85379,15.066956,15.066956
2016-07-01T14:00:00.0,16.119415,10.353363,15.095856,15.095856,13.698364,16.119415,14.906006,16.067657,16.067657
2016-07-01T15:00:00.0,14.132446,9.661285,12.87442,12.87442,12.717163,14.132446,13.850128,14.771606,14.771606
2016-07-01T16:00:00.0,11.688934,8.555084,11.903229,11.903229,10.076691,11.688934,11.14151,12.187958,12.187958
2016-07-01T17:00:00.0,11.574738,8.88678,11.820923,11.820923,10.158936,11.574738,10.578064,11.456238,11.456238
2016-07-01T18:00:00.0,9.357391,6.273346,8.626068,8.626068,8.40506,9.357391,9.67746,10.265961,10.265961
2016-07-01T19:00:00.0,8.215698,5.1762695,7.24646,7.24646,6.8598633,8.215698,7.6565857,8.729187,8.729187
2016-07-01T20:00:00.0,7.291748,3.6090698,6.1516113,6.1516113,5.614105,7.291748,6.8023987,7.9920654,7.9920654
2016-07-01T21:00:00.0,5.6190186,1.1737976,4.1336365,4.1336365,3.6029358,5.6190186,5.15744,6.6424866,6.6424866
2016-07-01T22:00:00.0,4.7048035,0.5778198,3.1111145,3.1111145,2.8998413,4.7048035,4.3497314,5.827179,5.827179
2016-07-01T23:00:00.0,3.9921265,0.41677856,2.6053162,2.6053162,2.5844727,3.9921265,3.9299316,5.023651,5.023651
2016-07-02T00:00:00.0,3.5537415,0.79623413,2.3816223,2.3816223,2.4817505,3.5537415,3.487732,4.401001,4.401001
2016-07-02T01:00:00.0,2.5449524,0.032318115,1.8383789,1.8383789,1.2867126,2.5449524,2.106842,3.1941528,3.1941528
2016-07-02T02:00:00.0,3.0047302,0.38446045,2.27417,2.27417,2.3876648,3.0047302,2.9980774,3.3025513,3.3025513
2016-07-02T03:00:00.0,2.9009705,-0.3642578,1.6426086,1.6426086,2.255127,2.9009705,3.1798706,3.1763,3.1763
2016-07-02T04:00:00.0,3.932251,0.28979492,2.766327,2.766327,2.8894043,3.932251,3.909607,4.0395813,4.0395813
2016-07-02T05:00:00.0,6.4593506,3.0412903,5.425659,5.425659,5.2149963,6.4593506,6.1135254,6.496582,6.496582
2016-07-02T06:00:00.0,9.462463,5.3776245,8.523224,8.523224,7.605072,9.462463,7.956665,9.355469,9.355469
2016-07-02T07:00:00.0,11.632874,7.324707,10.495636,10.495636,9.414734,11.632874,10.230377,11.81012,11.81012
2016-07-02T08:00:00.0,13.295471,7.9945374,12.033661,12.033661,10.808929,13.295471,12.2725525,14.092041,14.092041
2016-07-02T09:00:00.0,13.21286,7.351837,12.112152,12.112152,10.319702,13.21286,12.024048,14.030853,14.030853
2016-07-02T10:00:00.0,13.7812195,6.981415,12.669891,12.669891,10.594788,13.7812195,12.691345,14.677429,14.677429
2016-07-02T11:00:00.0,15.319397,7.016388,13.400513,13.400513,11.709534,15.319397,14.3454895,16.519745,16.519745
2016-07-02T12:00:00.0,14.345154,6.5424805,13.006958,13.006958,10.608032,14.345154,12.761322,15.170837,15.170837
2016-07-02T13:00:00.0,12.509735,6.8622437,12.008331,12.008331,11.238159,12.509735,12.907379,13.253632,13.253632
2016-07-02T14:00:00.0,12.012024,6.7204895,11.129486,11.129486,10.640686,12.012024,12.67984,12.553833,12.553833
2016-07-02T15:00:00.0,10.6171875,7.354431,10.912689,10.912689,9.25473,10.6171875,10.582123,10.327759,10.327759
2016-07-02T16:00:00.0,12.5564575,9.120544,12.408325,12.408325,10.896179,12.5564575,11.511017,12.312317,12.312317
2016-07-02T17:00:00.0,12.811493,9.767548,12.201752,12.201752,11.556152,12.811493,12.120789,12.864136,12.864136
2016-07-02T18:00:00.0,12.651398,8.966766,11.48822,11.48822,11.159851,12.651398,12.048065,13.182922,13.182922
2016-07-02T19:00:00.0,9.676788,4.561096,7.9515686,7.9515686,7.480652,9.676788,9.308258,10.675964,10.675964
2016-07-02T20:00:00.0,7.0987244,2.175232,5.7695007,5.7695007,3.840088,7.0987244,4.8530884,7.575653,7.575653
2016-07-02T21:00:00.0,5.6326904,0.9741211,3.598175,3.598175,3.2147217,5.6326904,4.221588,6.354248,6.354248
2016-07-02T22:00:00.0,3.7651978,0.68118286,2.323944,2.323944,2.603485,3.7651978,3.5314941,4.439331,4.439331
2016-07-02T23:00:00.0,2.6145935,0.13137817,1.4195557,1.4195557,1.6502991,2.6145935,2.0953674,3.079773,3.079773
2016-07-03T00:00:00.0,2.816101,0.035736084,1.7850037,1.7850037,1.5756531,2.816101,1.9849548,3.0995483,3.0995483
2016-07-03T01:00:00.0,2.949768,0.34069824,2.2156677,2.2156677,1.5230713,2.949768,1.617218,2.9716187,2.9716187
2016-07-03T02:00:00.0,2.6144104,0.47406006,1.7664795,1.7664795,1.741272,2.6144104,1.7956238,2.6916504,2.6916504
2016-07-03T03:00:00.0,2.1114807,0.03552246,1.4093933,1.4093933,1.4992981,2.1114807,1.7215881,2.2642212,2.2642212
2016-07-03T04:00:00.0,3.894806,1.4980469,3.6589355,3.6589355,2.8075867,3.894806,2.888214,3.6528625,3.6528625
2016-07-03T05:00:00.0,7.921173,5.667328,7.598175,7.598175,7.5891724,7.921173,7.870941,7.8916626,7.8916626
2016-07-03T06:00:00.0,10.819183,8.333069,10.990448,10.990448,10.328247,10.819183,10.810913,10.597076,10.597076
2016-07-03T07:00:00.0,14.414001,11.894012,13.975403,13.975403,13.982025,14.414001,14.631866,14.53894,14.53894
2016-07-03T08:00:00.0,16.453156,12.7291565,16.15152,16.15152,15.206512,16.453156,16.426788,16.713135,16.713135
2016-07-03T09:00:00.0,18.612976,12.89505,17.570038,17.570038,16.022675,18.612976,17.71347,19.187744,19.187744
2016-07-03T10:00:00.0,20.078613,13.2508545,19.075623,19.075623,16.836212,20.078613,18.851746,20.664825,20.664825
2016-07-03T11:00:00.0,20.678284,12.841339,19.098938,19.098938,16.870483,20.678284,19.204926,21.477203,21.477203
2016-07-03T12:00:00.0,20.485687,12.250275,18.568634,18.568634,16.477173,20.485687,18.877625,21.472229,21.472229
2016-07-03T13:00:00.0,19.870483,11.9027405,17.648834,17.648834,15.926819,19.870483,18.139313,21.142761,21.142761
2016-07-03T14:00:00.0,17.502747,11.89563,16.69513,16.69513,14.621216,17.502747,16.219513,18.570465,18.570465
2016-07-03T15:00:00.0,16.61847,11.798431,16.624176,16.624176,13.941467,16.61847,15.050751,16.706451,16.706451
2016-07-03T16:00:00.0,18.139862,13.369904,17.731964,17.731964,15.708466,18.139862,16.669037,18.27005,18.27005
2016-07-03T17:00:00.0,17.65149,14.140747,17.150665,17.150665,16.489624,17.65149,17.376434,18.033508,18.033508
2016-07-03T18:00:00.0,17.943024,14.18631,16.986786,16.986786,16.770355,17.943024,17.884155,18.692078,18.692078
2016-07-03T19:00:00.0,17.122986,12.887451,16.370148,16.370148,15.436676,17.122986,16.565765,17.42694,17.42694
2016-07-03T20:00:00.0,14.776855,12.435303,14.260681,14.260681,13.56369,14.776855,13.373871,14.468475,14.468475
2016-07-03T21:00:00.0,11.594452,9.547974,10.420868,10.420868,9.538605,11.594452,9.429413,11.654968,11.654968
2016-07-03T22:00:00.0,10.135773,8.858124,11.149139,11.149139,10.548889,10.135773,10.772095,9.558533,9.558533
2016-07-03T23:00:00.0,10.411987,7.7334595,9.955444,9.955444,9.706207,10.411987,10.350708,10.518158,10.518158
2016-07-04T00:00:00.0,9.979095,7.212433,9.67981,9.67981,8.775543,9.979095,9.029114,9.850586,9.850586
2016-07-04T01:00:00.0,8.509644,6.8483887,8.635956,8.635956,8.069885,8.509644,8.1597595,8.389313,8.389313
2016-07-04T02:00:00.0,7.968933,6.812317,8.120758,8.120758,7.9718018,7.968933,8.047516,7.8862305,7.8862305
2016-07-04T03:00:00.0,7.428406,6.5827637,7.558502,7.558502,7.536804,7.428406,7.5533752,7.4213257,7.4213257
2016-07-04T04:00:00.0,8.230713,7.001953,8.115906,8.115906,7.958435,8.230713,7.9405212,8.238556,8.238556
2016-07-04T05:00:00.0,12.995056,11.01239,12.941193,12.941193,11.84552,12.995056,11.858307,12.978699,12.978699
2016-07-04T06:00:00.0,18.861786,14.606781,18.78012,18.78012,16.709015,18.861786,17.263733,18.700409,18.700409
2016-07-04T07:00:00.0,23.081177,17.366852,22.51529,22.51529,20.0018,23.081177,21.057495,23.276001,23.276001
2016-07-04T08:00:00.0,25.132874,19.45987,24.697815,24.697815,22.135345,25.132874,23.06253,25.177124,25.177124
2016-07-04T09:00:00.0,23.895569,20.150604,23.940094,23.940094,22.93341,23.895569,24.107117,23.978119,23.978119
2016-07-04T10:00:00.0,24.43399,20.815002,25.064087,25.064087,23.13388,24.43399,23.933868,23.8844,23.8844
2016-07-04T11:00:00.0,23.99289,21.118652,24.929169,24.929169,23.106018,23.99289,23.740112,23.594055,23.594055
2016-07-04T12:00:00.0,25.455261,21.702606,26.1268,26.1268,24.25708,25.455261,25.129913,25.171356,25.171356
2016-07-04T13:00:00.0,25.240448,20.944977,26.033386,26.033386,23.65387,25.240448,24.755219,24.948456,24.948456
2016-07-04T14:00:00.0,25.804657,20.182922,26.132019,26.132019,24.009155,25.804657,25.461151,25.464478,25.464478
2016-07-04T15:00:00.0,26.17096,19.850677,26.342316,26.342316,23.651184,26.17096,25.330627,25.67865,25.67865
2016-07-04T16:00:00.0,24.057281,19.74704,24.30478,24.30478,22.546387,24.057281,24.161346,23.783417,23.783417
2016-07-04T17:00:00.0,24.218994,20.222595,23.496979,23.496979,22.30957,24.218994,23.994293,24.37085,24.37085
2016-07-04T18:00:00.0,22.92743,19.842102,21.772491,21.772491,21.100647,22.92743,22.264679,23.242615,23.242615
2016-07-04T19:00:00.0,20.426086,19.336395,19.833801,19.833801,20.077667,20.426086,20.979553,21.05307,21.05307
2016-07-04T20:00:00.0,16.590088,18.31607,15.876495,15.876495,16.787506,16.590088,16.139282,16.5943,16.5943
2016-07-04T21:00:00.0,13.613098,14.923737,14.303955,14.303955,14.404297,13.613098,13.63446,12.927063,12.927063
2016-07-04T22:00:00.0,13.042084,12.850159,11.979706,11.979706,14.817871,13.042084,15.447052,13.261383,13.261383
2016-07-04T23:00:00.0,13.286987,10.417603,12.353912,12.353912,11.926392,13.286987,13.28006,13.688293,13.688293
2016-07-05T00:00:00.0,11.867065,8.149231,10.105896,10.105896,10.8089905,11.867065,12.248169,12.910156,12.910156
2016-07-05T01:00:00.0,9.361298,6.0014343,7.8255005,7.8255005,8.386871,9.361298,9.924774,10.466217,10.466217
2016-07-05T02:00:00.0,7.587311,4.2714844,6.0440063,6.0440063,6.317993,7.587311,7.7993774,8.62384,8.62384
2016-07-05T03:00:00.0,6.6531677,3.6554565,5.9821777,5.9821777,5.129883,6.6531677,6.1192627,7.046692,7.046692
2016-07-05T04:00:00.0,6.747711,2.7575378,5.476074,5.476074,5.1806946,6.747711,6.423889,7.2071533,7.2071533
2016-07-05T05:00:00.0,9.961304,4.7109375,8.148102,8.148102,8.175842,9.961304,9.631287,10.593506,10.593506
2016-07-05T06:00:00.0,8.082428,4.623993,7.3418274,7.3418274,7.0808716,8.082428,8.159363,8.568787,8.568787
2016-07-05T07:00:00.0,9.107758,5.0916443,7.511505,7.511505,7.747772,9.107758,8.976715,9.779053,9.779053
2016-07-05T08:00:00.0,10.495483,7.5694275,10.481445,10.481445,9.58548,10.495483,10.154724,10.32663,10.32663
2016-07-05T09:00:00.0,11.590576,8.233673,12.222717,12.222717,10.333282,11.590576,10.976959,11.061462,11.061462
2016-07-05T10:00:00.0,15.460205,9.078522,14.345917,14.345917,12.961182,15.460205,14.420837,15.4461975,15.4461975
2016-07-05T11:00:00.0,17.167969,10.496155,16.645355,16.645355,14.353241,17.167969,15.895874,17.211456,17.211456
2016-07-05T12:00:00.0,16.959625,8.787903,15.891052,15.891052,12.406891,16.959625,14.648407,17.618774,17.618774
2016-07-05T13:00:00.0,12.098206,6.6152954,12.063416,12.063416,9.651947,12.098206,11.358643,12.82132,12.82132
2016-07-05T14:00:00.0,12.844147,7.6647034,12.95636,12.95636,10.915497,12.844147,12.180328,12.542908,12.542908
2016-07-05T15:00:00.0,15.113007,8.778564,14.215179,14.215179,12.503357,15.113007,14.096497,15.374634,15.374634
2016-07-05T16:00:00.0,12.651886,8.059967,12.405945,12.405945,10.70578,12.651886,12.15625,13.074066,13.074066
2016-07-05T17:00:00.0,12.2291565,8.4079895,12.373566,12.373566,10.492615,12.2291565,11.233765,12.285065,12.285065
2016-07-05T18:00:00.0,13.10083,8.889618,12.745361,12.745361,10.964508,13.10083,11.606598,13.176147,13.176147
2016-07-05T19:00:00.0,10.027405,5.714966,9.821136,9.821136,7.366028,10.027405,7.9527893,9.887939,9.887939
2016-07-05T20:00:00.0,7.7061157,3.6002808,7.399231,7.399231,5.501251,7.7061157,5.812866,7.4496765,7.4496765
2016-07-05T21:00:00.0,5.0401,1.1601562,4.765442,4.765442,3.2113953,5.0401,3.586792,4.785095,4.785095
2016-07-05T22:00:00.0,5.338257,1.9898376,5.236908,5.236908,3.9863892,5.338257,4.387085,5.05188,5.05188
2016-07-05T23:00:00.0,5.3234253,2.3263245,5.3454285,5.3454285,4.130768,5.3234253,4.3091125,4.836914,4.836914
2016-07-06T00:00:00.0,5.9752197,2.5002441,6.0446777,6.0446777,4.375305,5.9752197,4.7252502,5.3742065,5.3742065
2016-07-06T01:00:00.0,6.1976013,1.8423157,5.8303833,5.8303833,3.7080078,6.1976013,4.1536865,5.7712097,5.7712097
2016-07-06T02:00:00.0,6.298126,2.491272,6.015869,6.015869,4.1349487,6.298126,4.3226013,5.7768555,5.7768555
2016-07-06T03:00:00.0,7.0989685,3.1088867,6.9198914,6.9198914,5.2006836,7.0989685,5.289398,6.466461,6.466461
2016-07-06T04:00:00.0,8.230652,3.7217102,7.75708,7.75708,6.1811523,8.230652,6.531189,7.821167,7.821167
2016-07-06T05:00:00.0,11.754547,7.547638,10.906097,10.906097,10.417023,11.754547,11.167023,11.737061,11.737061
2016-07-06T06:00:00.0,14.585205,9.734772,13.470764,13.470764,11.741821,14.585205,12.583221,15.066925,15.066925
2016-07-06T07:00:00.0,16.04715,11.940247,15.814117,15.814117,13.659882,16.04715,14.125427,16.066864,16.066864
2016-07-06T08:00:00.0,18.16269,13.31604,17.460297,17.460297,15.697052,18.16269,16.361847,18.274597,18.274597
2016-07-06T09:00:00.0,18.029724,13.423981,17.988556,17.988556,15.513519,18.029724,16.02481,17.852386,17.852386
2016-07-06T10:00:00.0,19.35263,14.198761,19.565125,19.565125,16.319946,19.35263,16.947052,19.07837,19.07837
2016-07-06T11:00:00.0,19.243408,13.3810425,19.02185,19.02185,16.275635,19.243408,17.444519,19.334503,19.334503
2016-07-06T12:00:00.0,18.80014,12.897125,18.64972,18.64972,15.762787,18.80014,16.855774,18.662445,18.662445
2016-07-06T13:00:00.0,17.611359,12.75647,17.875885,17.875885,14.970642,17.611359,15.534119,17.241028,17.241028
2016-07-06T14:00:00.0,18.016022,13.400024,18.085327,18.085327,15.871338,18.016022,16.777985,18.072784,18.072784
2016-07-06T15:00:00.0,18.509766,14.090759,18.471252,18.471252,16.368225,18.509766,17.004547,18.295135,18.295135
2016-07-06T16:00:00.0,17.391388,14.016388,17.70929,17.70929,15.630493,17.391388,16.131805,17.177094,17.177094
2016-07-06T17:00:00.0,18.015472,15.02536,18.211578,18.211578,16.566956,18.015472,16.850464,17.702393,17.702393
2016-07-06T18:00:00.0,16.726624,14.105469,17.0766,17.0766,15.227875,16.726624,15.513153,16.605316,16.605316
2016-07-06T19:00:00.0,14.898865,11.888397,14.889282,14.889282,13.457062,14.898865,13.728149,14.644653,14.644653
2016-07-06T20:00:00.0,10.707947,10.666382,11.192902,11.192902,11.3472595,10.707947,11.493256,10.6185,10.6185
2016-07-06T21:00:00.0,10.197388,9.585205,10.666382,10.666382,10.086761,10.197388,9.925873,9.431213,9.431213
2016-07-06T22:00:00.0,9.388428,8.338318,10.385651,10.385651,9.965851,9.388428,10.248627,8.931641,8.931641
2016-07-06T23:00:00.0,9.026947,6.9047546,9.289856,9.289856,8.954285,9.026947,9.400665,8.913391,8.913391
2016-07-07T00:00:00.0,6.4425354,5.6400146,7.754364,7.754364,7.41098,6.4425354,7.762512,6.119293,6.119293
2016-07-07T01:00:00.0,5.5109253,5.604187,7.415161,7.415161,7.265381,5.5109253,7.49765,4.687622,4.687622
2016-07-07T02:00:00.0,5.15979,5.884674,7.1115417,7.1115417,7.2326965,5.15979,7.3016357,3.802826,3.802826
2016-07-07T03:00:00.0,5.684204,6.1293335,6.8751526,6.8751526,7.249939,5.684204,7.177826,4.2019043,4.2019043
2016-07-07T04:00:00.0,7.089569,5.9750977,6.786438,6.786438,7.4473267,7.089569,7.610443,6.6994324,6.6994324
2016-07-07T05:00:00.0,10.349091,8.324493,9.847321,9.847321,9.925934,10.349091,10.352875,10.65921,10.65921
2016-07-07T06:00:00.0,14.164581,10.434235,13.35733,13.35733,12.951477,14.164581,14.062286,14.89035,14.89035
2016-07-07T07:00:00.0,15.6545105,10.607178,14.521698,14.521698,13.910919,15.6545105,15.546143,16.662933,16.662933
2016-07-07T08:00:00.0,16.577087,10.826202,15.694794,15.694794,14.078491,16.577087,15.757263,17.447083,17.447083
2016-07-07T09:00:00.0,18.036957,11.589142,17.2294,17.2294,14.764862,18.036957,16.450958,18.785492,18.785492
2016-07-07T10:00:00.0,19.512695,13.301422,18.835571,18.835571,16.59143,19.512695,18.376648,20.217163,20.217163
2016-07-07T11:00:00.0,21.170502,14.987427,20.723114,20.723114,18.201416,21.170502,19.754608,21.513153,21.513153
2016-07-07T12:00:00.0,21.307434,15.375214,20.65039,20.65039,18.507172,21.307434,20.080688,21.763367,21.763367
2016-07-07T13:00:00.0,22.181702,16.399567,21.535706,21.535706,19.39621,22.181702,21.025696,22.732452,22.732452
2016-07-07T14:00:00.0,21.02414,15.863098,20.757172,20.757172,18.67862,21.02414,20.156128,21.266571,21.266571
2016-07-07T15:00:00.0,19.889008,15.209076,19.759033,19.759033,17.949585,19.889008,19.073914,19.991028,19.991028
2016-07-07T16:00:00.0,21.677673,16.698242,21.412415,21.412415,19.245056,21.677673,20.003723,21.424408,21.424408
2016-07-07T17:00:00.0,22.843658,17.798187,21.762787,21.762787,20.172699,22.843658,21.205475,23.202087,23.202087
2016-07-07T18:00:00.0,21.629028,16.403168,20.016968,20.016968,19.043823,21.629028,20.723999,22.8703,22.8703
2016-07-07T19:00:00.0,20.115417,15.56073,19.459717,19.459717,17.896912,20.115417,19.305786,20.457428,20.457428
2016-07-07T20:00:00.0,16.397888,13.329285,15.673065,15.673065,14.092102,16.397888,15.018982,16.85498,16.85498
2016-07-07T21:00:00.0,15.975128,12.68042,15.54541,15.54541,13.358246,15.975128,14.246735,15.777924,15.777924
2016-07-07T22:00:00.0,15.823822,12.173248,14.638214,14.638214,12.730377,15.823822,13.452972,15.451447,15.451447
2016-07-07T23:00:00.0,14.443817,11.699249,12.539032,12.539032,11.563599,14.443817,11.761414,13.83493,13.83493
2016-07-08T00:00:00.0,12.382111,11.170868,12.810852,12.810852,11.476349,12.382111,11.697174,12.590393,12.590393
2016-07-08T01:00:00.0,12.132874,10.636566,12.506897,12.506897,12.03064,12.132874,12.548767,12.209106,12.209106
2016-07-08T02:00:00.0,12.615143,9.81189,11.646393,11.646393,11.795258,12.615143,12.543152,12.765625,12.765625
2016-07-08T03:00:00.0,12.486084,9.30191,10.980225,10.980225,11.598877,12.486084,12.355743,12.907013,12.907013
2016-07-08T04:00:00.0,11.29892,7.339508,9.712128,9.712128,9.892548,11.29892,11.332794,12.077789,12.077789
2016-07-08T05:00:00.0,11.292877,7.7096863,9.407745,9.407745,10.295319,11.292877,11.777924,12.3098755,12.3098755
2016-07-08T06:00:00.0,10.705231,7.3974,9.615906,9.615906,9.9844055,10.705231,11.94928,12.183716,12.183716
2016-07-08T07:00:00.0,16.728912,12.4626465,15.221771,15.221771,15.547668,16.728912,17.422516,18.052582,18.052582
2016-07-08T08:00:00.0,15.764343,10.529907,14.011749,14.011749,14.029083,15.764343,16.107635,17.047607,17.047607
2016-07-08T09:00:00.0,15.239258,9.409332,14.201324,14.201324,12.413635,15.239258,13.929321,15.736359,15.736359
2016-07-08T10:00:00.0,14.462402,9.165009,13.6475525,13.6475525,11.858704,14.462402,13.387024,15.286621,15.286621
2016-07-08T11:00:00.0,14.838562,9.512482,14.015442,14.015442,12.48703,14.838562,13.947052,15.426758,15.426758
2016-07-08T12:00:00.0,16.549042,10.055969,15.916382,15.916382,12.904236,16.549042,14.566772,17.021667,17.021667
2016-07-08T13:00:00.0,14.874878,9.924622,14.157562,14.157562,11.69693,14.874878,12.757141,15.672699,15.672699
2016-07-08T14:00:00.0,14.031799,10.567139,13.613647,13.613647,12.1345825,14.031799,12.730408,14.598602,14.598602
2016-07-08T15:00:00.0,14.928406,12.268158,15.739532,15.739532,13.643524,14.928406,13.844971,14.467255,14.467255
2016-07-08T16:00:00.0,16.825775,13.645935,16.908234,16.908234,15.644348,16.825775,16.281067,16.809692,16.809692
2016-07-08T17:00:00.0,16.979279,13.062775,17.053345,17.053345,14.558716,16.979279,14.928009,16.570587,16.570587
2016-07-08T18:00:00.0,16.327484,11.894257,16.019043,16.019043,13.739441,16.327484,14.504913,16.434296,16.434296
2016-07-08T19:00:00.0,13.731293,10.577484,12.862183,12.862183,12.472839,13.731293,13.299744,14.316132,14.316132
2016-07-08T20:00:00.0,12.147736,10.053406,12.13913,12.13913,11.290619,12.147736,11.600037,11.881775,11.881775
2016-07-08T21:00:00.0,12.954071,10.4935,13.141449,13.141449,11.657196,12.954071,11.889618,12.524506,12.524506
2016-07-08T22:00:00.0,13.679871,10.519714,13.770782,13.770782,11.91684,13.679871,12.334839,13.289917,13.289917
2016-07-08T23:00:00.0,12.73703,9.520752,12.948822,12.948822,10.750397,12.73703,11.199005,12.492706,12.492706
2016-07-09T00:00:00.0,12.158142,9.300049,12.476471,12.476471,10.218536,12.158142,10.443237,11.928162,11.928162
2016-07-09T01:00:00.0,12.238861,9.728699,12.281525,12.281525,10.714325,12.238861,10.760376,12.057098,12.057098
2016-07-09T02:00:00.0,10.332062,8.623505,10.607971,10.607971,9.278564,10.332062,9.17569,10.1033325,10.1033325
2016-07-09T03:00:00.0,10.337891,8.820282,10.815369,10.815369,9.415344,10.337891,9.196045,9.955688,9.955688
2016-07-09T04:00:00.0,10.262054,8.498596,10.467438,10.467438,9.433014,10.262054,9.385284,10.006439,10.006439
2016-07-09T05:00:00.0,15.222931,13.434784,15.781525,15.781525,14.343048,15.222931,14.090393,14.629242,14.629242
2016-07-09T06:00:00.0,20.965973,17.498993,21.039001,21.039001,19.048828,20.965973,19.2417,20.598114,20.598114
2016-07-09T07:00:00.0,21.408386,18.658539,21.67871,21.67871,20.174255,21.408386,20.573761,21.245148,21.245148
2016-07-09T08:00:00.0,23.771545,19.942749,23.628754,23.628754,21.42389,23.771545,21.70282,23.707336,23.707336
2016-07-09T09:00:00.0,22.364655,19.447754,22.522766,22.522766,20.730713,22.364655,21.012665,22.272736,22.272736
2016-07-09T10:00:00.0,22.064362,18.21988,21.849762,21.849762,20.230652,22.064362,20.957886,22.062378,22.062378
2016-07-09T11:00:00.0,22.646637,17.3721,21.903412,21.903412,20.194641,22.646637,21.338898,22.916504,22.916504
2016-07-09T12:00:00.0,21.403809,15.600708,20.821136,20.821136,18.936646,21.403809,20.655914,21.902008,21.902008
2016-07-09T13:00:00.0,22.130615,15.811432,21.614075,21.614075,19.23935,22.130615,20.886444,22.540192,22.540192
2016-07-09T14:00:00.0,21.02716,13.940857,20.003235,20.003235,17.771362,21.02716,19.5253,21.482605,21.482605
2016-07-09T15:00:00.0,20.827301,12.682373,19.981476,19.981476,16.3208,20.827301,18.237457,21.194855,21.194855
2016-07-09T16:00:00.0,21.427155,12.111237,18.913269,18.913269,16.758026,21.427155,19.20398,22.45169,22.45169
2016-07-09T17:00:00.0,20.701721,11.648895,17.964996,17.964996,16.187805,20.701721,18.813599,22.318207,22.318207
2016-07-09T18:00:00.0,17.450287,9.630035,15.134705,15.134705,12.756653,17.450287,15.272003,19.480225,19.480225
2016-07-09T19:00:00.0,14.571655,8.9791565,13.06604,13.06604,11.300629,14.571655,12.979675,15.602295,15.602295
2016-07-09T20:00:00.0,12.363739,7.4487,10.73056,10.73056,9.473236,12.363739,10.943573,13.514038,13.514038
2016-07-09T21:00:00.0,11.448364,6.905945,9.893768,9.893768,8.7812805,11.448364,10.103699,12.635498,12.635498
2016-07-09T22:00:00.0,11.067688,6.8212585,9.6414795,9.6414795,8.596252,11.067688,9.734161,12.074463,12.074463
2016-07-09T23:00:00.0,10.816132,6.7399597,9.528473,9.528473,8.404633,10.816132,9.374176,11.590424,11.590424
2016-07-10T00:00:00.0,11.158936,6.966095,9.818787,9.818787,8.559784,11.158936,9.429504,11.9244995,11.9244995
2016-07-10T01:00:00.0,11.350098,7.166168,10.006958,10.006958,8.714905,11.350098,9.4939575,12.099579,12.099579
2016-07-10T02:00:00.0,11.415955,7.397217,10.179932,10.179932,9.025421,11.415955,9.717102,11.980988,11.980988
2016-07-10T03:00:00.0,11.430756,7.4089966,10.371979,10.371979,8.963898,11.430756,9.6058655,11.866394,11.866394
2016-07-10T04:00:00.0,11.601959,7.5895386,10.619202,10.619202,9.192535,11.601959,9.824646,11.940094,11.940094
2016-07-10T05:00:00.0,15.338135,11.280487,14.540619,14.540619,13.153229,15.338135,13.966339,15.750793,15.750793
2016-07-10T06:00:00.0,19.279572,14.153137,18.437927,18.437927,16.77655,19.279572,17.948273,19.767395,19.767395
2016-07-10T07:00:00.0,22.365845,16.528168,21.670288,21.670288,19.548004,22.365845,20.898285,22.783783,22.783783
2016-07-10T08:00:00.0,24.260193,17.940155,23.552032,23.552032,21.161163,24.260193,22.694122,24.609161,24.609161
2016-07-10T09:00:00.0,25.809174,18.984161,24.683136,24.683136,22.689392,25.809174,24.539673,26.412079,26.412079
2016-07-10T10:00:00.0,25.537964,19.097137,24.560791,24.560791,22.512878,25.537964,24.245605,26.298615,26.298615
2016-07-10T11:00:00.0,24.61853,18.304382,24.140442,24.140442,22.068268,24.61853,23.963654,25.33197,25.33197
2016-07-10T12:00:00.0,26.23233,18.294006,25.188599,25.188599,23.208923,26.23233,25.445312,26.772064,26.772064
2016-07-10T13:00:00.0,25.781189,17.080383,24.602173,24.602173,22.32431,25.781189,24.958466,26.495728,26.495728
2016-07-10T14:00:00.0,26.009155,17.196442,24.557343,24.557343,22.133331,26.009155,24.727295,26.778442,26.778442
2016-07-10T15:00:00.0,25.88916,16.251953,23.511688,23.511688,21.435394,25.88916,24.257294,26.821167,26.821167
2016-07-10T16:00:00.0,23.25653,13.770996,20.312622,20.312622,18.594452,23.25653,22.027344,25.236145,25.236145
2016-07-10T17:00:00.0,19.259094,11.794861,16.810059,16.810059,15.620636,19.259094,18.442627,21.524231,21.524231
2016-07-10T18:00:00.0,16.46408,9.777863,14.534637,14.534637,13.108429,16.46408,15.092133,17.75592,17.75592
2016-07-10T19:00:00.0,12.537567,7.857422,11.251343,11.251343,9.950745,12.537567,11.512573,13.715698,13.715698
2016-07-10T20:00:00.0,11.668091,7.150757,10.082428,10.082428,9.253082,11.668091,10.628326,12.588379,12.588379
2016-07-10T21:00:00.0,10.562866,5.9378967,8.701202,8.701202,8.114258,10.562866,9.684723,11.844635,11.844635
2016-07-10T22:00:00.0,9.468475,5.4473877,8.029816,8.029816,7.2950134,9.468475,8.764496,10.697998,10.697998
2016-07-10T23:00:00.0,8.946747,5.2894287,7.6054688,7.6054688,6.919983,8.946747,8.1763,10.088409,10.088409
2016-07-11T00:00:00.0,8.528198,4.8088074,7.0002747,7.0002747,6.5794983,8.528198,7.920471,9.748688,9.748688
2016-07-11T01:00:00.0,7.631012,3.7015686,5.923889,5.923889,5.7015686,7.631012,7.2120056,8.965088,8.965088
2016-07-11T02:00:00.0,6.6789246,2.2838745,4.948242,4.948242,4.5385437,6.6789246,6.145569,7.860138,7.860138
2016-07-11T03:00:00.0,6.0110474,1.827301,4.695099,4.695099,3.9533691,6.0110474,5.4382324,6.908203,6.908203
2016-07-11T04:00:00.0,5.432495,1.7832947,4.006378,4.006378,4.05365,5.432495,5.392212,6.421631,6.421631
2016-07-11T05:00:00.0,7.700714,4.7198486,6.565216,6.565216,6.7901917,7.700714,7.7461853,8.288574,8.288574
2016-07-11T06:00:00.0,9.590698,5.5065002,8.103241,8.103241,7.537567,9.590698,8.609497,10.609802,10.609802
2016-07-11T07:00:00.0,11.511566,7.1676636,11.001709,11.001709,9.722687,11.511566,10.754852,11.60553,11.60553
2016-07-11T08:00:00.0,13.2229,7.7754517,12.612091,12.612091,10.806213,13.2229,12.526581,13.627838,13.627838
2016-07-11T09:00:00.0,13.641388,8.011658,13.119019,13.119019,11.3349,13.641388,12.960815,14.122223,14.122223
2016-07-11T10:00:00.0,13.0216675,6.4068604,12.764435,12.764435,10.110535,13.0216675,12.046692,13.364685,13.364685
2016-07-11T11:00:00.0,14.66153,8.681152,14.197205,14.197205,11.9566345,14.66153,13.571533,15.093628,15.093628
2016-07-11T12:00:00.0,15.441895,8.988647,15.056244,15.056244,12.377716,15.441895,14.05423,15.808289,15.808289
2016-07-11T13:00:00.0,17.30896,10.141388,16.499573,16.499573,14.449707,17.30896,16.403687,17.743866,17.743866
2016-07-11T14:00:00.0,16.982971,10.438629,16.155884,16.155884,14.414886,16.982971,16.188019,17.308258,17.308258
2016-07-11T15:00:00.0,17.555176,11.053864,16.846771,16.846771,15.038788,17.555176,16.754333,17.801605,17.801605
2016-07-11T16:00:00.0,16.984741,11.315216,16.467316,16.467316,14.731079,16.984741,16.200989,17.14566,17.14566
2016-07-11T17:00:00.0,15.79422,10.885437,15.127899,15.127899,13.901428,15.79422,15.315247,16.169678,16.169678
2016-07-11T18:00:00.0,15.880493,10.903809,14.859436,14.859436,13.744263,15.880493,15.020172,16.358917,16.358917
2016-07-11T19:00:00.0,11.423187,6.700409,10.044342,10.044342,9.172424,11.423187,10.726135,12.443237,12.443237
2016-07-11T20:00:00.0,9.042603,5.8306885,7.9609375,7.9609375,7.4555054,9.042603,8.468475,9.7291565,9.7291565
2016-07-11T21:00:00.0,6.458374,4.5940247,5.6705933,5.6705933,5.4538574,6.458374,6.0466003,6.9633484,6.9633484
2016-07-11T22:00:00.0,6.8521423,5.2586365,6.320282,6.320282,6.023468,6.8521423,6.3545837,7.1054993,7.1054993
2016-07-11T23:00:00.0,7.0160217,5.4995728,6.490753,6.490753,6.2921143,7.0160217,6.602478,7.226166,7.226166
